name,surname,address,postal_code,city,timestamp,coffee_type,amount_kg,price_kg
Cleo,Melendez,"Calle U, nº 377",44175,Orrios,5/10/2022 20:23:47,8,"1,250","24,8"
Ryder,Mack,"Calle A, nº 320",37127,Espeja,31/01/2022 16:52:33,1,"0,500","34,8"
Yasir,Glover,"Calle T, nº 31",10192,Torremocha,31/10/2022 15:16:48,2,"0,250","20,4"
Eagan,Suarez,"Calle L, nº 164",50286,Villalba de Perejil,11/02/2022 3:16:39,1,"1,000","31,4"
Kimberly,Farmer,"Calle K, nº 229",48079,Errigoiti,22/02/2022 12:09:00,1,"0,750","24,2"
Brendan,Gillespie,"Calle J, nº 140",37082,Cantalpino,22/07/2022 20:54:23,3,"3,000","24,8"
Haley,Rivas,"Calle K, nº 369",19095,Condemios de Abajo,25/02/2022 12:22:12,8,"0,750","29,2"
Andrew,Whitley,"Calle M, nº 196",47073,Herrín de Campos,16/10/2022 4:38:07,8,"0,750","25,7"
Quintessa,Rogers,"Calle J, nº 398",9360,San Vicente del Valle,28/06/2022 6:43:30,7,"3,000","19,2"
Mona,Frank,"Calle H, nº 196",46203,"Pobla Llarga, la",5/06/2022 22:54:48,1,"4,000","20,5"
Cameran,Hyde,"Calle M, nº 222",39034,Lamasón,8/12/2022 8:07:41,2,"5,000","19,4"
Joel,Gillespie,"Calle I, nº 112",1063,Zuia,13/10/2022 4:32:53,3,"4,000","33,6"
Zenia,Valdez,"Calle K, nº 244",41095,Utrera,27/04/2022 3:49:29,4,"1,250","17,6"
Steel,Johnston,"Calle Q, nº 63",2048,Minaya,27/10/2022 8:27:52,1,"0,500","29,1"
Stephanie,Flynn,"Calle C, nº 267",43165,Vilabella,30/05/2022 7:25:30,6,"0,250","23,6"
Paloma,Mcintyre,"Calle D, nº 203",42164,San Leonardo de Yagüe,12/03/2022 3:51:03,4,"0,750","33,2"
Amery,Abbott,"Calle W, nº 55",14033,Guadalcázar,31/03/2022 11:25:35,5,"3,000","21,5"
Reuben,Deleon,"Calle X, nº 347",50164,Mediana de Aragón,10/11/2022 19:48:01,6,"2,000","25,3"
Galvin,Houston,"Calle G, nº 355",19166,Málaga del Fresno,31/08/2022 17:58:53,8,"5,000","20,3"
Xavier,Cardenas,"Calle P, nº 324",22232,Torralba de Aragón,11/10/2022 8:01:24,3,"0,500","23,2"
Brock,Wilder,"Calle Q, nº 354",5105,Hoyos del Espino,22/10/2022 19:29:32,3,"0,750","21,7"
Hu,Brock,"Calle T, nº 300",39058,Rasines,16/05/2022 7:25:14,8,"3,000","27,6"
Kristen,Webb,"Calle H, nº 160",40184,San Pedro de Gaíllos,21/02/2022 11:12:29,2,"1,000","32,4"
Nell,Vance,"Calle D, nº 137",34163,San Mamés de Campos,16/03/2022 21:15:30,7,"1,250","16,9"
Zane,Weaver,"Calle G, nº 33",17070,Fontanilles,25/03/2022 5:20:03,1,"0,500","30,7"
Mannix,Lambert,"Calle T, nº 208",7053,Santa Eugènia,27/12/2022 0:24:28,5,"1,000","32,1"
Carissa,Merritt,"Calle D, nº 197",37367,Villasbuenas,9/10/2022 12:14:38,4,"5,000","16,6"
Norman,Chan,"Calle X, nº 248",31192,Olóriz/Oloritz,19/04/2022 13:33:56,6,"1,000",28
Whitney,Macias,"Calle H, nº 130",8095,Granera,19/08/2022 11:13:38,2,"4,000",17
Hyatt,Stanton,"Calle W, nº 118",37375,Villoruela,22/10/2022 13:35:05,7,"4,000","28,4"
Quon,Ross,"Calle F, nº 287",39050,Pesaguero,6/07/2022 2:47:27,5,"0,750",20
Damian,Yang,"Calle V, nº 22",48913,Zierbena,13/06/2022 2:00:27,8,"4,000","28,7"
Vance,Dale,"Calle G, nº 168",28090,Moralzarzal,12/08/2022 4:51:46,3,"0,500","19,1"
Zephania,Harrell,"Calle B, nº 131",24012,"Barrios de Luna, Los",3/01/2022 3:36:01,3,"0,250","24,1"
Clarke,Mckinney,"Calle T, nº 236",9414,Valle de Valdelaguna,19/03/2022 22:20:12,2,"3,000","30,2"
Judah,Newman,"Calle U, nº 394",22251,Villanueva de Sigena,6/11/2022 9:09:24,4,"5,000","18,5"
Jason,Harding,"Calle Z, nº 89",32069,Ribadavia,28/03/2022 7:14:15,8,"4,000",17
Branden,Morse,"Calle C, nº 17",17139,"Preses, Les",30/01/2022 0:02:07,7,"0,750","34,1"
Quin,Dominguez,"Calle O, nº 389",17021,Beuda,4/02/2022 19:21:28,6,"0,500","15,6"
Amir,Barnes,"Calle D, nº 52",49024,"Bóveda de Toro, La",23/03/2022 3:52:27,8,"2,000","28,1"
Amena,Day,"Calle F, nº 79",21015,Cabezas Rubias,28/10/2022 18:34:18,3,"5,000","34,8"
Maxwell,Lawrence,"Calle L, nº 389",25016,Alguaire,15/08/2022 15:37:21,7,"1,000","24,9"
Renee,Drake,"Calle W, nº 245",28057,Fresno de Torote,26/03/2022 18:06:00,4,"5,000","26,2"
Mechelle,Mooney,"Calle I, nº 289",4904,Balanegra,8/03/2022 7:29:48,4,"1,250","34,8"
Bruce,Burgess,"Calle R, nº 334",40040,Cantalejo,11/02/2022 22:50:56,5,"4,000",35
India,Hancock,"Calle J, nº 195",18077,Fornes,8/10/2022 17:40:41,2,"0,250","31,8"
Adena,Barrera,"Calle P, nº 193",26018,Arnedo,9/11/2022 20:31:36,1,"4,000","24,4"
Walter,Poole,"Calle B, nº 338",34035,Boadilla de Rioseco,27/05/2022 2:31:51,7,"5,000","26,6"
Bernard,Cabrera,"Calle R, nº 62",5166,Navarredondilla,28/08/2022 21:34:23,7,"2,000","30,1"
Lillian,Dudley,"Calle J, nº 155",8293,Vallcebre,21/10/2022 8:49:49,4,"5,000","17,1"
Alma,Watts,"Calle B, nº 342",49097,Justel,15/05/2022 5:01:59,8,"3,000","34,1"
Eleanor,Peck,"Calle J, nº 256",49181,Rosinos de la Requejada,1/04/2022 6:56:46,7,"5,000","25,3"
Andrew,Mack,"Calle S, nº 353",23062,Montizón,10/07/2022 5:20:03,4,"3,000","27,7"
Meredith,Velasquez,"Calle D, nº 301",9433,Villagalijo,21/06/2022 7:08:59,1,"0,750","20,7"
Hayfa,Gibson,"Calle K, nº 110",34237,Villaumbrales,3/05/2022 5:30:48,6,"2,000","21,2"
Melodie,Douglas,"Calle P, nº 180",12104,Segorbe,23/07/2022 11:09:37,7,"1,500","29,9"
Jeremy,Cunningham,"Calle A, nº 42",29062,Iznate,13/09/2022 17:46:49,7,"0,250","15,5"
Rhoda,Mason,"Calle K, nº 266",18137,Montillana,23/12/2022 9:45:55,8,"1,250","22,1"
Quintessa,Walter,"Calle Q, nº 359",19191,Monasterio,4/12/2022 20:22:59,2,"1,250","25,1"
Dean,Blair,"Calle V, nº 33",22150,Loporzano,26/08/2022 8:48:42,8,"4,000","15,9"
Cara,Norton,"Calle X, nº 168",3047,Calp,30/09/2022 16:35:06,4,"3,000","33,1"
Christen,Haynes,"Calle E, nº 260",42100,Hinojosa del Campo,6/11/2022 6:03:55,3,"3,000","31,2"
Naida,Rogers,"Calle L, nº 325",35033,Vega de San Mateo,1/07/2022 11:08:29,8,"2,000","29,8"
Jena,Boyer,"Calle R, nº 279",7061,Sóller,12/11/2022 22:24:45,4,"1,500","30,8"
Karen,Hopper,"Calle C, nº 376",11019,Grazalema,29/07/2022 10:00:20,2,"1,500","30,4"
Isaac,Dotson,"Calle J, nº 378",32035,"Irixo, O",5/01/2022 16:34:30,8,"1,500","29,3"
Tanner,Bailey,"Calle K, nº 125",49032,Calzadilla de Tera,9/05/2022 16:04:29,8,"1,000","19,1"
Russell,Farrell,"Calle P, nº 27",23020,Canena,8/02/2022 6:58:32,3,"4,000",16
Joy,Clemons,"Calle S, nº 250",47132,Ramiro,10/06/2022 17:37:44,6,"0,500","21,3"
August,Jarvis,"Calle D, nº 395",4069,Olula del Río,14/10/2022 19:36:25,1,"1,250","17,7"
Alec,Fleming,"Calle S, nº 113",47008,Almenara de Adaja,19/10/2022 2:41:33,8,"5,000","32,2"
Thomas,Pena,"Calle F, nº 76",28001,"Acebeda, La",2/04/2022 0:42:30,8,"5,000","29,9"
Zia,Sharpe,"Calle O, nº 326",44044,Bordón,30/06/2022 9:53:41,3,"0,750","20,7"
Kieran,Lott,"Calle A, nº 288",50188,Nombrevilla,5/09/2022 17:46:25,5,"0,500","29,1"
John,Murray,"Calle O, nº 49",27004,Baleira,5/02/2022 0:29:05,7,"2,000","20,2"
Raven,Mccray,"Calle N, nº 192",35001,Agaete,27/05/2022 9:52:12,4,"1,250","28,9"
Craig,Solomon,"Calle X, nº 388",8073,Cornellà de Llobregat,10/07/2022 10:59:24,6,"0,250","24,6"
Tyler,Romero,"Calle P, nº 220",40173,Roda de Eresma,7/03/2022 22:27:37,4,"0,500","31,5"
Tashya,Mayer,"Calle S, nº 353",19259,Somolinos,5/12/2022 5:36:15,5,"5,000",22
Kirby,Manning,"Calle F, nº 26",50039,Azuara,15/04/2022 8:52:57,2,"1,000","25,8"
Diana,Rodriguez,"Calle G, nº 376",48051,Lanestosa,23/08/2022 3:42:44,1,"1,500","23,8"
Fallon,Mcfadden,"Calle S, nº 55",13092,Villanueva de la Fuente,30/11/2022 4:20:57,7,"0,500","27,8"
Abraham,Shannon,"Calle S, nº 218",44094,Cuevas Labradas,23/05/2022 19:03:30,3,"0,250","26,6"
Maxine,Hawkins,"Calle I, nº 348",34011,Amusco,12/05/2022 10:47:33,7,"0,250","23,9"
Sara,Hopkins,"Calle C, nº 119",9074,Cardeñajimeno,27/02/2022 0:53:29,5,"0,250","16,4"
Penelope,Adkins,"Calle I, nº 121",16251,Villanueva de la Jara,10/11/2022 8:05:28,1,"1,250","23,5"
Freya,Mccarty,"Calle E, nº 248",37341,Valverde de Valdelacasa,5/10/2022 10:00:33,2,"0,250","16,9"
Cole,Diaz,"Calle C, nº 210",40031,Bernuy de Porreros,8/05/2022 1:10:27,7,"1,500","22,9"
Octavius,Snow,"Calle R, nº 220",50122,Grisel,6/11/2022 5:57:54,8,"1,500","20,9"
Brennan,Ramsey,"Calle L, nº 293",39002,Ampuero,3/07/2022 11:12:49,4,"1,000","27,5"
Cameron,Lawson,"Calle S, nº 195",3041,Benissa,16/06/2022 9:46:25,5,"2,000","21,1"
Hamilton,Wheeler,"Calle B, nº 126",27010,Castro de Rei,27/04/2022 14:34:09,3,"1,250","27,8"
Sean,Roy,"Calle U, nº 111",42082,Estepa de San Juan,16/04/2022 23:18:13,1,"0,250","15,2"
Zahir,Lancaster,"Calle L, nº 120",8012,Avinyó,17/02/2022 1:22:03,3,"0,500","33,5"
Lamar,Emerson,"Calle T, nº 59",6060,Guareña,20/12/2022 20:07:07,4,"5,000","32,5"
Colt,Rodriguez,"Calle C, nº 267",12071,Jérica,11/07/2022 14:33:31,3,"0,500",28
Tucker,Dillon,"Calle A, nº 195",3117,Sanet y Negrals,12/02/2022 20:52:22,1,"5,000","27,4"
Wang,Arnold,"Calle C, nº 53",45047,Cedillo del Condado,18/08/2022 7:59:45,3,"0,500","20,3"
Justin,Goodwin,"Calle Z, nº 133",28141,Sevilla la Nueva,8/09/2022 1:26:40,1,"1,500","19,5"
Kelsey,Mendoza,"Calle Q, nº 356",10215,Villasbuenas de Gata,3/08/2022 12:33:25,3,"1,250","21,5"
Adria,Patterson,"Calle B, nº 306",49247,Villalcampo,28/03/2022 17:50:09,3,"5,000","34,2"
Xena,Ball,"Calle P, nº 319",50063,"Buste, El",21/06/2022 22:31:35,5,"4,000","27,5"
Magee,Colon,"Calle J, nº 45",49040,Castrillo de la Guareña,13/11/2022 20:26:57,6,"1,000","23,6"
Ishmael,Phelps,"Calle T, nº 76",32085,Verín,11/10/2022 2:25:29,3,"1,250","34,6"
Rebecca,Norris,"Calle M, nº 384",32029,Chandrexa de Queixa,7/06/2022 19:40:51,3,"0,750","32,2"
Uma,Wilkins,"Calle A, nº 82",39017,Campoo de Yuso,21/10/2022 11:10:45,8,"0,750","29,8"
Marvin,Kirkland,"Calle G, nº 191",47216,Villán de Tordesillas,29/03/2022 18:52:14,3,"1,000","33,6"
Jessamine,Guthrie,"Calle J, nº 72",43135,Salomó,11/06/2022 13:59:36,3,"1,500","31,3"
Piper,Whitaker,"Calle A, nº 223",33030,Illas,14/11/2022 9:28:18,3,"3,000",20
Orlando,Weaver,"Calle E, nº 32",8098,Sant Salvador de Guardiola,21/10/2022 14:28:52,7,"0,500","28,3"
Lee,Weiss,"Calle I, nº 207",35016,"Palmas de Gran Canaria, Las",28/11/2022 14:53:42,6,"0,250","25,7"
Zeph,Mccormick,"Calle P, nº 152",5158,Navalmoral,12/11/2022 18:35:40,5,"1,500","15,1"
Marcia,Powers,"Calle F, nº 367",9425,Vilviestre del Pinar,31/05/2022 17:49:02,7,"0,500","25,3"
Kenneth,Glover,"Calle N, nº 69",48039,Garai,2/09/2022 21:35:00,8,"1,000","18,7"
Jane,Beard,"Calle A, nº 62",33055,Ribadedeva,6/08/2022 18:49:52,7,"1,500","34,7"
Kane,Graves,"Calle B, nº 169",36055,Tui,4/02/2022 1:41:19,7,"1,250","30,1"
Beau,Padilla,"Calle A, nº 17",24029,Cabrillanes,3/11/2022 12:08:49,4,"1,000","33,9"
Adam,Barrett,"Calle K, nº 193",27045,Pedrafita do Cebreiro,20/12/2022 9:28:33,1,"0,750","30,4"
Emma,Winters,"Calle K, nº 243",40048,Castrojimeno,25/05/2022 6:38:29,3,"3,000",32
Charde,Montoya,"Calle R, nº 395",42044,Cabrejas del Campo,4/07/2022 19:41:14,3,"0,500","30,1"
Ryder,Cruz,"Calle O, nº 236",8194,Sant Adrià de Besòs,4/04/2022 23:53:37,5,"1,250","34,9"
Axel,Houston,"Calle B, nº 77",18005,Albuñán,14/03/2022 15:11:21,1,"0,750","25,3"
Axel,Carrillo,"Calle P, nº 400",50196,Orera,16/07/2022 12:55:14,3,"1,500","24,8"
Odessa,Bishop,"Calle C, nº 274",46089,Casinos,6/03/2022 16:03:40,3,"1,250","26,9"
Oliver,Clemons,"Calle J, nº 94",42019,Almarza,23/05/2022 2:10:20,5,"0,250","28,1"
Brady,Cline,"Calle N, nº 51",46151,Llocnou d'En Fenollet,7/10/2022 19:04:56,5,"1,000","16,1"
Jesse,Combs,"Calle P, nº 314",25120,Lleida,17/11/2022 2:55:27,5,"4,000","28,7"
Damian,Kerr,"Calle R, nº 151",26170,"Villar de Arnedo, El",22/04/2022 17:49:41,2,"2,000","25,3"
Mallory,Daniels,"Calle S, nº 264",34123,Paredes de Nava,9/07/2022 16:32:58,5,"0,500","23,6"
Priscilla,Wilson,"Calle I, nº 348",45014,Añover de Tajo,30/09/2022 23:18:23,8,"0,750","18,6"
Harlan,Cain,"Calle L, nº 372",47105,Olmos de Esgueva,1/02/2022 5:13:45,3,"1,000","32,3"
Sharon,Carson,"Calle M, nº 265",6106,Puebla del Prior,1/04/2022 19:31:02,4,"1,000","31,5"
Kane,Frazier,"Calle V, nº 286",17203,Ultramort,20/03/2022 21:30:02,8,"1,000","19,5"
Alma,Rojas,"Calle Z, nº 350",16173,"Valle de Altomira, El",23/02/2022 19:32:22,4,"5,000","32,7"
Caesar,Lambert,"Calle Q, nº 10",8255,Santa Maria de Merlès,29/09/2022 8:37:54,4,"1,000","34,5"
Kirsten,Gardner,"Calle R, nº 222",43127,Riudecanyes,9/12/2022 19:41:54,5,"0,500","15,4"
Sylvester,Curtis,"Calle W, nº 235",19135,Hiendelaencina,14/03/2022 9:08:28,7,"1,000","15,8"
Ray,Browning,"Calle U, nº 98",19007,Albares,3/07/2022 2:05:13,6,"3,000","24,8"
Berk,Holden,"Calle G, nº 298",19243,Rueda de la Sierra,12/11/2022 20:52:02,5,"0,500","28,5"
Keith,Bolton,"Calle R, nº 213",19147,Huérmeces del Cerro,4/10/2022 9:10:29,8,"0,750","21,9"
Yael,Watkins,"Calle Q, nº 386",50131,Jaulín,26/11/2022 14:50:10,5,"1,000","24,8"
Merritt,Shelton,"Calle J, nº 384",42193,Valdelagua del Cerro,19/01/2022 20:26:20,4,"1,250","17,3"
Anika,Olson,"Calle O, nº 131",23088,Torreperogil,30/06/2022 20:45:04,4,"2,000","15,8"
Karen,Murray,"Calle G, nº 203",42145,Quintanas de Gormaz,28/01/2022 3:55:51,3,"0,250","34,9"
Merritt,Bean,"Calle S, nº 230",29070,Mijas,24/08/2022 22:16:19,5,"4,000","33,9"
Todd,Sloan,"Calle D, nº 297",3029,Benigembla,26/10/2022 7:22:53,3,"5,000","23,5"
Howard,Ortiz,"Calle R, nº 10",16906,"Valdecolmenas, Los",4/06/2022 21:19:59,1,"5,000","30,9"
Jeremy,Gould,"Calle E, nº 162",22136,Lalueza,27/01/2022 5:55:46,7,"1,500",31
Aileen,Estrada,"Calle O, nº 233",15037,Fisterra,7/06/2022 12:35:21,6,"1,250","28,9"
Anastasia,Schultz,"Calle T, nº 345",8285,Torelló,6/05/2022 12:45:09,2,"0,250","20,7"
Craig,Waters,"Calle Q, nº 269",11027,"Puerto de Santa María, El",19/03/2022 11:39:27,8,"1,250","15,4"
Alexa,Guzman,"Calle V, nº 149",21039,Hinojales,28/07/2022 20:51:01,2,"5,000","24,5"
Chaim,Byrd,"Calle K, nº 272",22046,Ballobar,16/10/2022 0:10:13,2,"1,250","26,5"
Montana,Dixon,"Calle O, nº 223",26058,Enciso,25/11/2022 14:56:18,4,"4,000","17,5"
Hall,Barron,"Calle I, nº 322",25254,Vilanova de la Barca,25/12/2022 6:43:31,2,"2,000","22,1"
Sydney,Trevino,"Calle F, nº 338",28165,Valdilecha,15/12/2022 3:52:03,4,"1,500","31,4"
Simone,Greer,"Calle D, nº 366",22007,Albalate de Cinca,27/03/2022 23:40:22,4,"1,500","20,5"
Ethan,Booth,"Calle O, nº 345",25141,Montoliu de Segarra,28/05/2022 0:12:13,3,"1,000","25,6"
Cecilia,Cook,"Calle Q, nº 8",45038,Carranque,25/09/2022 9:14:55,7,"0,750","34,9"
Cameron,Woods,"Calle Q, nº 379",43149,Tivenys,29/05/2022 18:33:17,3,"5,000","25,8"
Alan,Watson,"Calle C, nº 223",49257,Villanueva de Azoague,2/03/2022 18:54:25,2,"0,250","17,2"
Chancellor,Burris,"Calle O, nº 8",0,Colmenarejo,28/05/2022 21:56:52,2,"0,250",25
Katelyn,Schmidt,"Calle P, nº 195",19234,Retiendas,16/02/2022 4:47:48,6,"0,500",18
Aaron,Rodgers,"Calle B, nº 396",39097,Vega de Pas,29/01/2022 12:01:05,5,"1,500","22,6"
Imani,Tillman,"Calle D, nº 224",5238,Solosancho,6/05/2022 10:08:42,5,"3,000","15,9"
Brady,Clay,"Calle Y, nº 324",19334,Zarzuela de Jadraque,29/10/2022 5:59:02,4,"0,250","20,7"
Bryar,Bridges,"Calle L, nº 320",47040,Castrobol,28/12/2022 21:55:13,3,"0,250","18,6"
Anastasia,Quinn,"Calle N, nº 11",31048,Barillas,19/11/2022 7:20:33,6,"0,500","19,5"
Colt,House,"Calle O, nº 153",9318,Riocavado de la Sierra,10/04/2022 6:27:38,4,"4,000","25,3"
Merrill,Case,"Calle N, nº 160",5198,Salvadiós,20/05/2022 9:55:48,4,"2,000","26,8"
Kellie,Pennington,"Calle W, nº 224",34092,Lantadilla,17/12/2022 6:51:17,2,"5,000","24,5"
Nathaniel,Dunn,"Calle H, nº 294",45006,Alcaudete de la Jara,14/01/2022 8:27:12,7,"0,750","32,4"
Graham,Potter,"Calle Z, nº 115",9010,Alcocero de Mola,29/01/2022 3:41:34,3,"0,750","17,1"
Brent,Rosa,"Calle M, nº 245",31169,Milagro,8/10/2022 18:48:41,8,"2,000",16
Kelly,Hinton,"Calle S, nº 176",7007,Banyalbufar,25/01/2022 12:23:23,5,"0,750","29,4"
Vanna,Lawrence,"Calle D, nº 31",24124,Quintana del Marco,26/07/2022 22:28:55,7,"1,000","31,9"
Joshua,Perez,"Calle O, nº 146",39042,Medio Cudeyo,2/10/2022 18:37:21,4,"1,500","17,7"
Bevis,Sherman,"Calle G, nº 273",35008,Firgas,18/02/2022 20:57:52,6,"2,000","28,1"
Samson,Fulton,"Calle F, nº 222",52001,Melilla,28/02/2022 6:30:16,8,"1,250","27,5"
Silas,Newman,"Calle D, nº 205",20019,Beasain,9/05/2022 10:43:48,8,"2,000","24,6"
Xaviera,Maddox,"Calle S, nº 335",40208,Turégano,29/10/2022 15:57:44,2,"0,750","33,3"
Jacqueline,Sharpe,"Calle Q, nº 364",46027,Alfarrasí,28/05/2022 10:20:06,6,"0,250","31,3"
Dana,Sykes,"Calle E, nº 165",17190,Serinyà,7/06/2022 4:21:31,5,"0,500","34,4"
Ifeoma,House,"Calle W, nº 291",7064,"Castell, Es",28/06/2022 17:19:37,1,"1,000","15,1"
Uta,Franco,"Calle K, nº 187",25047,Bellcaire d'Urgell,13/11/2022 2:44:54,5,"5,000","34,5"
Kerry,Perez,"Calle B, nº 314",43104,"Perelló, El",3/06/2022 23:16:04,7,"0,500","17,4"
Hop,Alvarez,"Calle Z, nº 317",24107,Pajares de los Oteros,8/07/2022 9:14:04,8,"3,000","24,6"
Kane,Brady,"Calle D, nº 55",24082,Hospital de Órbigo,28/12/2022 10:40:29,1,"1,250","34,9"
Phelan,Mays,"Calle Y, nº 45",6084,Mirandilla,12/05/2022 18:43:50,8,"3,000",22
Shay,Cabrera,"Calle L, nº 189",8278,Taradell,12/01/2022 11:52:46,2,"5,000","33,3"
Colton,Hill,"Calle A, nº 116",49059,Cuelgamures,11/11/2022 22:01:21,1,"0,750","21,6"
Renee,Hopper,"Calle F, nº 249",2071,San Pedro,13/02/2022 10:46:21,8,"1,000","34,1"
Denise,Rodriguez,"Calle H, nº 285",19251,Saúca,25/10/2022 21:21:12,5,"5,000","15,7"
Dorian,Schultz,"Calle N, nº 301",3010,Alfafara,24/07/2022 10:06:33,1,"2,000","31,9"
Brian,Giles,"Calle K, nº 158",31208,Ribaforada,19/05/2022 0:50:50,6,"5,000","32,8"
Justin,Brown,"Calle J, nº 105",25151,Olius,22/11/2022 1:30:54,6,"3,000","18,4"
Levi,Warner,"Calle S, nº 112",5131,Mirueña de los Infanzones,2/04/2022 5:55:20,4,"1,000","29,8"
Zenaida,Jefferson,"Calle W, nº 319",46065,Beniparrell,17/04/2022 22:32:17,1,"0,250","22,6"
Helen,Nolan,"Calle Q, nº 133",10107,Jerte,25/07/2022 18:25:22,3,"1,250","33,7"
Laura,Lewis,"Calle D, nº 26",25057,"Bòrdes, Es",19/07/2022 21:03:31,1,"4,000","17,8"
Keefe,Doyle,"Calle M, nº 271",44201,Rubielos de Mora,3/05/2022 11:32:56,5,"0,750","22,6"
Lacota,Gates,"Calle C, nº 153",33062,Santa Eulalia de Oscos,28/11/2022 8:04:33,3,"1,250","22,3"
Armando,Sparks,"Calle L, nº 22",19226,Prádena de Atienza,28/07/2022 6:44:05,1,"1,000","31,5"
Slade,Wynn,"Calle X, nº 352",25001,Abella de la Conca,24/12/2022 13:21:04,7,"0,500","19,5"
Zahir,Foreman,"Calle E, nº 102",50114,Fuendetodos,31/10/2022 5:28:09,2,"5,000","18,6"
Vera,Parker,"Calle N, nº 165",22205,San Esteban de Litera,8/01/2022 0:36:17,7,"2,000","15,8"
Allistair,Mcknight,"Calle S, nº 34",10131,Navalmoral de la Mata,26/12/2022 20:38:33,2,"5,000","31,3"
Mikayla,Peck,"Calle O, nº 16",8217,Sant Joan Despí,20/06/2022 13:54:49,6,"1,000","15,6"
Ezekiel,Grant,"Calle N, nº 245",8019,Barcelona,28/02/2022 4:19:35,3,"1,250","31,1"
Nelle,Herring,"Calle P, nº 336",15077,Santa Comba,18/03/2022 6:40:36,7,"0,500","15,7"
Igor,Larsen,"Calle K, nº 40",23005,Andújar,24/03/2022 13:59:39,7,"4,000","25,3"
Shea,Clark,"Calle R, nº 175",34154,Revilla de Collazos,14/03/2022 0:58:27,6,"0,500","17,9"
Brynn,Marsh,"Calle T, nº 33",5257,Villafranca de la Sierra,21/03/2022 5:00:55,8,"2,000","27,5"
Alexander,Holmes,"Calle A, nº 158",27061,Trabada,27/03/2022 22:21:15,3,"4,000",35
Tate,Dale,"Calle L, nº 200",46192,Petrés,29/10/2022 23:50:49,8,"0,750",22
Reed,Meyer,"Calle T, nº 10",0,Terrer,23/05/2022 21:02:37,7,"0,750","28,5"
Leslie,Coffey,"Calle N, nº 279",15093,Zas,2/10/2022 23:40:51,6,"4,000","20,6"
Tanya,Sims,"Calle C, nº 277",50293,Villarroya de la Sierra,2/05/2022 13:17:38,6,"1,000","20,5"
Joseph,Christensen,"Calle R, nº 119",40129,Montejo de Arévalo,28/01/2022 8:23:29,8,"0,250","34,8"
Madison,Flynn,"Calle O, nº 4",6092,Nogales,17/01/2022 4:01:37,5,"0,750","31,6"
Aurora,Walter,"Calle Y, nº 285",26151,Torrecilla en Cameros,4/12/2022 19:27:47,6,"5,000",25
Mira,Cabrera,"Calle Q, nº 236",29092,Totalán,28/09/2022 20:09:44,7,"1,250","19,9"
Jack,Lewis,"Calle J, nº 34",47032,Camporredondo,18/09/2022 6:09:59,1,"0,500","16,7"
Nasim,Perry,"Calle M, nº 65",9128,Frandovínez,12/08/2022 8:57:59,3,"0,750","24,8"
Amos,Schwartz,"Calle X, nº 388",48008,Artzentales,22/11/2022 13:34:58,3,"1,250","25,8"
Asher,Cox,"Calle U, nº 375",39090,Udías,20/11/2022 5:28:36,8,"1,000","20,7"
Ayanna,Gaines,"Calle Y, nº 380",26002,Agoncillo,5/09/2022 18:09:57,7,"3,000","30,3"
Kareem,Boone,"Calle E, nº 30",2024,Casas-Ibáñez,7/02/2022 15:30:29,5,"0,750","20,7"
Darius,Carpenter,"Calle B, nº 270",33014,Carreño,9/07/2022 0:21:55,6,"2,000","33,2"
Amal,Flores,"Calle P, nº 14",22115,"Grado, El",17/11/2022 23:58:20,2,"0,500","23,7"
Sage,Nicholson,"Calle D, nº 219",31101,Ezcabarte,8/02/2022 4:25:26,3,"1,500","20,7"
Stephanie,Brock,"Calle H, nº 101",19199,Ocentejo,11/06/2022 14:11:12,3,"1,250","19,7"
Hedy,Brewer,"Calle U, nº 145",23054,Larva,21/07/2022 20:47:22,8,"5,000",24
Inez,Fischer,"Calle R, nº 184",40155,Palazuelos de Eresma,18/03/2022 8:34:39,5,"2,000","34,9"
Alea,Bright,"Calle P, nº 297",9375,Tamarón,31/01/2022 8:40:45,6,"0,250","27,1"
Paul,Meadows,"Calle O, nº 145",33047,Peñamellera Baja,31/01/2022 2:37:16,3,"3,000","22,5"
Sydnee,Huffman,"Calle K, nº 54",47081,Marzales,11/11/2022 7:09:40,5,"1,250","28,8"
Zephania,Mcneil,"Calle U, nº 37",47208,Villagómez la Nueva,16/11/2022 6:06:14,2,"1,500","18,9"
Elijah,Mccray,"Calle Y, nº 195",6143,Valverde de Leganés,8/11/2022 22:42:21,3,"1,500","29,6"
Diana,Carr,"Calle W, nº 31",38032,"Rosario, El",8/03/2022 4:43:01,2,"1,500",19
Nevada,Holland,"Calle K, nº 168",43907,"Canonja, La",8/08/2022 21:30:09,1,"1,000","16,8"
Alfreda,Joyce,"Calle N, nº 185",19109,Embid,29/03/2022 22:44:02,7,"4,000","16,6"
Nicholas,West,"Calle E, nº 354",46168,Miramar,12/06/2022 23:54:33,6,"0,750","27,3"
Kieran,Downs,"Calle R, nº 110",8189,Sant Pere Sallavinera,13/11/2022 19:57:57,5,"3,000","31,5"
Elijah,Hays,"Calle D, nº 347",17112,Ogassa,22/05/2022 4:15:10,8,"1,000","30,8"
Claudia,Le,"Calle B, nº 319",17086,"Jonquera, La",16/05/2022 13:24:24,8,"1,250","23,4"
Jemima,Clayton,"Calle X, nº 237",48092,Bedia,24/12/2022 1:46:38,1,"2,000","28,2"
Kirsten,Rowland,"Calle U, nº 226",37120,Encina de San Silvestre,12/05/2022 7:56:27,7,"1,250","16,5"
Lee,Bartlett,"Calle K, nº 51",48045,Güeñes,28/10/2022 3:52:10,1,"4,000","28,4"
Galvin,Simpson,"Calle G, nº 140",22094,Chalamera,6/10/2022 3:11:38,5,"1,250","20,8"
Juliet,Morgan,"Calle A, nº 399",18096,Huélago,27/01/2022 10:47:06,5,"2,000","16,1"
Bell,Scott,"Calle B, nº 161",41071,Paradas,19/01/2022 19:04:29,8,"0,250","26,6"
Hannah,Marshall,"Calle A, nº 239",26050,Cirueña,29/12/2022 15:55:51,4,"5,000","30,8"
Dai,Key,"Calle T, nº 361",44113,Fuentes de Rubielos,10/07/2022 22:45:25,3,"1,500","24,4"
Dale,George,"Calle Y, nº 341",16008,Alcalá de la Vega,16/02/2022 5:20:25,8,"2,000","33,5"
Gary,May,"Calle X, nº 108",10099,Holguera,18/09/2022 12:49:19,7,"1,250","15,6"
Kuame,Paul,"Calle F, nº 166",13039,Daimiel,4/10/2022 6:19:37,6,"4,000","28,2"
Jason,Sellers,"Calle N, nº 223",41019,Burguillos,19/07/2022 1:59:03,7,"0,250","24,3"
Constance,Hodge,"Calle N, nº 110",5264,Viñegra de Moraña,2/06/2022 10:22:11,2,"1,000","27,7"
Odysseus,Olson,"Calle P, nº 251",31002,Abárzuza/Abartzuza,4/07/2022 14:17:32,4,"1,000","26,3"
Tarik,Hawkins,"Calle N, nº 105",49138,Olmillos de Castro,14/12/2022 3:08:17,2,"5,000","26,6"
Baxter,Lloyd,"Calle B, nº 54",28117,Prádena del Rincón,5/04/2022 11:53:51,1,"3,000",19
Nathan,Baxter,"Calle C, nº 122",12008,Algimia de Almonacid,24/03/2022 11:08:10,5,"2,000","28,2"
Jennifer,Hunt,"Calle J, nº 283",16034,Belmontejo,9/06/2022 18:27:16,1,"0,500","32,4"
Elizabeth,Guzman,"Calle B, nº 313",50277,Valtorres,4/11/2022 3:47:22,1,"1,000","31,2"
Louis,Johnson,"Calle F, nº 344",2032,Fuensanta,7/11/2022 2:55:23,4,"2,000","34,4"
Denise,Zamora,"Calle G, nº 174",9231,Nebreda,6/07/2022 7:52:54,7,"4,000","19,2"
Steel,Atkinson,"Calle H, nº 114",9223,Monasterio de la Sierra,4/06/2022 16:59:57,1,"0,750","25,9"
Jack,Benton,"Calle Y, nº 257",11004,Algeciras,2/06/2022 2:04:53,7,"0,250",24
Bert,Cain,"Calle R, nº 60",16132,Mota de Altarejos,9/03/2022 17:37:21,8,"3,000",20
Herman,Fisher,"Calle S, nº 316",42202,Velilla de los Ajos,24/10/2022 14:53:28,1,"2,000","16,1"
Lev,Bates,"Calle J, nº 1",43009,Alforja,2/03/2022 0:57:33,3,"0,500","24,2"
Justin,Richards,"Calle E, nº 231",47024,Bolaños de Campos,23/05/2022 13:40:56,3,"3,000","33,5"
Orlando,Casey,"Calle S, nº 248",18116,Lanjarón,18/10/2022 13:58:31,7,"1,000","23,2"
Giacomo,Whitley,"Calle Y, nº 362",44236,Tronchón,8/05/2022 5:33:56,5,"4,000","17,6"
Hammett,Gilbert,"Calle T, nº 372",6161,Zarza-Capilla,21/05/2022 14:10:41,3,"1,000","28,6"
Felix,Hobbs,"Calle X, nº 363",46002,Ador,26/12/2022 8:41:05,1,"4,000","16,9"
Wynter,Nixon,"Calle W, nº 285",15069,Pontedeume,30/07/2022 1:18:22,7,"1,250","15,3"
Meghan,Gamble,"Calle K, nº 89",40111,Lastras del Pozo,2/08/2022 3:06:25,4,"0,500","17,5"
Cairo,Sheppard,"Calle C, nº 151",25904,Castell de Mur,30/03/2022 2:43:17,2,"1,500","28,3"
Coby,Huber,"Calle V, nº 167",12033,Cabanes,13/11/2022 1:48:54,8,"1,250","26,7"
Juliet,Olsen,"Calle Y, nº 199",47181,Valdenebro de los Valles,25/02/2022 20:57:15,2,"1,250","32,1"
Noel,Boyer,"Calle W, nº 325",45151,San Martín de Montalbán,8/09/2022 18:24:03,2,"0,250","27,9"
Lacy,Manning,"Calle K, nº 72",10026,Belvís de Monroy,1/12/2022 3:19:32,6,"1,250","30,9"
Josiah,Love,"Calle T, nº 219",8090,Gaià,27/10/2022 4:53:14,4,"4,000","21,8"
Mollie,Joyce,"Calle G, nº 228",10139,Pedroso de Acim,12/01/2022 13:46:25,7,"1,500","18,9"
Zachery,Humphrey,"Calle A, nº 360",10147,Piornal,13/08/2022 22:41:39,8,"0,750","24,2"
Kellie,Leach,"Calle B, nº 387",32017,Carballeda de Valdeorras,12/09/2022 19:58:30,3,"1,250","25,9"
Connor,Knight,"Calle F, nº 108",8158,"Papiol, El",30/12/2022 8:06:12,2,"5,000","17,5"
Quyn,Grimes,"Calle X, nº 46",49207,Santovenia,21/12/2022 6:33:48,8,"2,000","34,5"
Xanthus,Mullins,"Calle E, nº 88",27018,"Fonsagrada, A",27/10/2022 4:39:37,2,"1,250","17,2"
Ulric,Fitzgerald,"Calle V, nº 52",6115,"Roca de la Sierra, La",22/01/2022 23:42:23,4,"1,500","27,9"
Bruce,Ortega,"Calle M, nº 77",18023,Baza,11/11/2022 18:47:02,8,"1,250","27,1"
Gary,Phillips,"Calle Y, nº 211",34184,Torremormojón,26/03/2022 23:31:00,2,"2,000",34
Clio,Vincent,"Calle B, nº 121",37101,Cerralbo,9/10/2022 23:26:55,8,"0,500",22
Buffy,Navarro,"Calle A, nº 192",21063,San Bartolomé de la Torre,13/07/2022 12:43:41,1,"1,250","26,1"
Melanie,Stevens,"Calle K, nº 258",15020,Carnota,5/03/2022 0:07:52,7,"3,000","27,1"
Quinlan,Buchanan,"Calle K, nº 75",18175,Santa Fe,9/08/3022 22:47:07,2,"0,250","30,1"
Ferdinand,Foreman,"Calle X, nº 58",24134,"Robla, La",9/10/2022 7:18:24,8,"1,500","33,9"
John,Booth,"Calle Y, nº 344",24073,Fresno de la Vega,9/06/2022 3:57:08,2,"2,000","27,5"
Shoshana,Willis,"Calle K, nº 340",14064,Valsequillo,31/07/2022 14:36:41,2,"1,000","21,7"
Kennan,Pittman,"Calle B, nº 101",31108,Fustiñana,13/05/2022 20:15:13,5,"0,250","33,4"
Florence,Moody,"Calle D, nº 379",49148,Peleas de Abajo,25/10/2022 13:22:26,3,"5,000","32,8"
Yuli,Rivera,"Calle O, nº 66",37184,Masueco,13/09/2022 1:01:59,1,"1,250","33,6"
Regan,Potts,"Calle E, nº 185",8052,Castellar de n'Hug,15/09/2022 18:33:26,1,"5,000","27,7"
Sharon,Walter,"Calle Y, nº 240",29038,Cártama,13/08/2022 16:36:45,4,"1,500","29,7"
Christen,Ewing,"Calle R, nº 333",34228,Villanuño de Valdavia,6/06/2022 14:14:14,3,"5,000","25,6"
Tiger,Duncan,"Calle V, nº 209",24207,Villademor de la Vega,5/05/2022 14:00:11,2,"4,000","28,6"
Roary,Warren,"Calle P, nº 2",4100,Vera,22/10/2022 8:34:36,2,"3,000","34,2"
Nicholas,Tucker,"Calle B, nº 103",31242,Urraul Bajo,15/08/2022 21:49:55,3,"5,000","29,2"
Blossom,Gallagher,"Calle H, nº 291",7021,Estellencs,21/09/2022 10:50:42,6,"1,500","30,9"
Mohammad,Craig,"Calle M, nº 256",27052,Ribas de Sil,24/05/2022 19:36:07,3,"3,000","27,1"
Rebekah,Anthony,"Calle P, nº 21",5080,Gallegos de Sobrinos,9/05/2022 2:22:02,4,"3,000","17,9"
Debra,Underwood,"Calle X, nº 380",28157,Valdelaguna,22/01/2022 21:07:17,4,"0,750","34,1"
Uriah,Hayden,"Calle X, nº 330",44027,Arens de Lledó,21/02/2022 5:22:11,2,"1,000","25,8"
Patricia,Preston,"Calle N, nº 205",27028,Lugo,20/04/2022 21:23:38,2,"3,000",22
Josiah,Alford,"Calle P, nº 57",37072,Calzada de Don Diego,16/02/2022 14:31:45,6,"0,500","17,7"
Dalton,Pace,"Calle B, nº 247",12127,Vallibona,19/05/2022 20:28:31,2,"0,500","27,8"
Shellie,Cortez,"Calle U, nº 122",43071,Horta de Sant Joan,23/08/2022 21:37:02,8,"0,500","17,8"
Reed,Park,"Calle F, nº 14",15085,Touro,20/01/2022 14:45:46,6,"3,000","20,1"
August,Snow,"Calle W, nº 319",37359,Villar de la Yegua,12/09/2022 1:58:00,5,"0,250","26,5"
Sebastian,Stephens,"Calle A, nº 14",18193,"Zubia, La",22/08/2022 3:53:34,4,"1,000","34,4"
David,Blackburn,"Calle J, nº 105",8167,Polinyà,26/03/2022 6:34:21,8,"1,000","22,3"
Dustin,Charles,"Calle U, nº 84",44165,Nogueruelas,30/08/2022 3:53:02,6,"0,500","21,4"
Ralph,Best,"Calle N, nº 56",40146,Navas de San Antonio,8/05/2022 23:28:39,5,"5,000","20,8"
Eric,Middleton,"Calle H, nº 348",3071,Gata de Gorgos,28/06/2022 0:22:25,5,"4,000","30,1"
Cruz,Clemons,"Calle C, nº 392",22074,Campo,12/02/2022 4:40:42,3,"1,250","19,8"
Larissa,Cole,"Calle T, nº 387",46099,Cortes de Pallás,24/08/2022 7:45:41,2,"1,500","22,9"
Georgia,Moore,"Calle S, nº 372",19314,Viana de Jadraque,2/11/2022 0:07:11,6,"3,000","17,3"
Carol,Ramirez,"Calle A, nº 326",42090,Fuentepinilla,30/03/2022 8:46:22,2,"2,000","29,8"
Yasir,Holloway,"Calle T, nº 398",24223,Villarejo de Órbigo,17/12/2022 18:26:22,7,"1,250","27,6"
Kathleen,Wilkinson,"Calle R, nº 329",8211,Sant Feliu de Llobregat,10/09/2022 22:25:47,8,"4,000","30,9"
Nash,Anderson,"Calle Z, nº 33",40164,Rapariegos,15/07/2022 4:57:02,3,"1,500","29,4"
Martin,Sims,"Calle J, nº 257",9464,Villatuelda,2/03/2022 14:37:06,8,"2,000","24,3"
Violet,Lucas,"Calle N, nº 253",47115,Peñaflor de Hornija,1/12/2022 6:56:43,6,"1,250","21,8"
Keegan,Hickman,"Calle E, nº 344",3092,Muro de Alcoy,5/09/2022 8:24:26,6,"5,000","25,9"
Sybil,Saunders,"Calle G, nº 381",28109,Pelayos de la Presa,13/11/2022 0:43:56,1,"1,000","31,4"
James,Rowe,"Calle M, nº 126",50212,Pleitas,16/05/2022 2:58:46,7,"1,500","17,6"
Ferris,Phillips,"Calle B, nº 373",46904,Benicull de Xúquer,11/06/2022 23:54:27,5,"2,000","34,4"
Medge,Huff,"Calle X, nº 317",49105,Maire de Castroponce,24/08/2022 2:30:11,8,"4,000","26,3"
Michael,Anderson,"Calle P, nº 377",31116,Genevilla,29/01/2022 14:11:56,4,"1,000","31,4"
Georgia,O'brien,"Calle O, nº 191",9243,Padilla de Arriba,22/01/2022 21:28:47,5,"4,000","21,9"
Reese,Morgan,"Calle K, nº 55",29086,Sayalonga,17/02/2022 22:48:11,8,"0,750","32,4"
Alexandra,Stein,"Calle V, nº 29",19156,Jadraque,28/06/2022 3:03:44,7,"0,750","32,6"
Brady,Collins,"Calle W, nº 93",19066,Cañizar,16/09/2022 13:28:32,1,"2,000","31,8"
Ivana,Gates,"Calle Y, nº 398",24184,Valdesamario,2/12/2022 17:33:11,2,"1,500","23,5"
Lilah,Huffman,"Calle K, nº 70",40092,Fuentidueña,26/12/2022 14:43:07,4,"0,250","26,7"
Colton,Rhodes,"Calle Z, nº 119",40121,Martín Muñoz de las Posadas,20/05/2022 3:45:05,4,"1,500",29
Clarke,Hood,"Calle E, nº 273",28009,Algete,20/05/2022 9:14:43,6,"1,250","17,7"
Dorothy,Burton,"Calle H, nº 142",13031,Carrión de Calatrava,3/12/2022 20:01:44,6,"0,250","31,7"
Dawn,Raymond,"Calle O, nº 328",22901,Valle de Hecho,1/12/2022 22:29:20,3,"0,500","23,6"
Vivian,Hughes,"Calle C, nº 157",31067,Carcastillo,12/04/2022 4:58:22,,"0,750",16
Elvis,Harrington,"Calle D, nº 86",10184,"Torno, El",26/09/2022 18:15:28,7,"3,000","16,7"
Angelica,Ellis,"Calle K, nº 29",19125,Gajanejos,13/11/2022 17:08:58,6,"2,000","16,2"
Jacob,Hooper,"Calle P, nº 168",24038,Carracedelo,21/05/2022 0:43:28,7,"1,000","19,3"
Orli,Love,"Calle R, nº 130",44085,Cosa,12/12/2022 6:00:09,3,"0,750","16,9"
Jeanette,Stein,"Calle O, nº 89",37244,Peñacaballera,3/08/2022 13:46:25,1,"1,250","21,3"
Rajah,Delaney,"Calle F, nº 178",8043,Canyelles,26/05/2022 17:06:13,5,"4,000",15
Kerry,Mclaughlin,"Calle C, nº 174",41011,Arahal,12/06/2022 17:19:09,2,"3,000","30,3"
Jared,Curry,"Calle Q, nº 129",9421,"Vid y Barrios, La",26/05/2022 10:56:50,6,"1,500",32
Shea,Melton,"Calle S, nº 318",17011,"Armentera, L'",22/09/2022 17:32:08,6,"0,250","15,4"
Dawn,Everett,"Calle V, nº 120",19218,Pinilla de Jadraque,29/04/2022 15:10:42,5,"3,000","23,3"
Bertha,Valencia,"Calle W, nº 50",31154,Lezaun,26/08/2022 14:02:10,5,"1,250","24,9"
Buffy,Leonard,"Calle Q, nº 334",44141,Lledó,7/09/2022 15:36:45,8,"2,000","23,1"
Stewart,Coffey,"Calle L, nº 333",34218,Villaluenga de la Vega,9/11/2022 13:51:55,7,"2,000","19,1"
Carissa,Murray,"Calle T, nº 220",18061,Chimeneas,23/06/2022 5:37:02,3,"0,500","26,4"
Desirae,Douglas,"Calle J, nº 62",31124,Ibargoiti,16/07/2022 5:45:38,5,"1,250","21,5"
Cairo,Meadows,"Calle P, nº 296",31083,Echarri/Etxarri,23/05/2022 20:22:33,1,"3,000","16,3"
September,Bryant,"Calle W, nº 132",43047,Constantí,16/08/2022 20:28:21,5,"0,500","23,9"
Stuart,Klein,"Calle A, nº 285",11011,"Bosque, El",20/06/2022 14:16:57,1,"0,250","25,1"
Madaline,Fulton,"Calle S, nº 382",16274,Víllora,6/09/2022 0:01:03,6,"4,000","34,7"
Cleo,Allen,"Calle P, nº 204",16177,Reíllo,4/05/2022 0:09:33,6,"1,250","16,3"
Naida,Douglas,"Calle E, nº 159",45103,Mohedas de la Jara,26/09/2022 8:34:41,6,"0,750","27,6"
Norman,Blackwell,"Calle C, nº 300",33078,Yernes y Tameza,11/01/2022 14:12:43,3,"0,500","31,3"
Duncan,Mclaughlin,"Calle O, nº 33",44156,Monteagudo del Castillo,3/07/2022 4:20:42,6,"5,000","21,4"
Cruz,Compton,"Calle C, nº 142",5140,Muñomer del Peco,15/04/2022 8:35:41,1,"1,000","28,4"
Vincent,Barnett,"Calle F, nº 319",34082,Hérmedes de Cerrato,14/08/2022 18:56:18,2,"1,250",24
Unity,Clay,"Calle Q, nº 325",43055,Falset,5/11/2022 0:09:55,2,"1,000","30,4"
Hadley,Peterson,"Calle R, nº 391",38008,Breña Alta,18/05/2022 15:07:14,5,"3,000","18,7"
Amy,Fields,"Calle T, nº 225",37036,San Miguel del Robledo,31/08/2022 23:28:35,7,"1,500","22,8"
Cedric,Decker,"Calle F, nº 33",42011,Aldealpozo,4/02/2022 10:22:05,2,"2,000","26,4"
Derek,Garrett,"Calle T, nº 312",16211,Torrejoncillo del Rey,7/01/2022 0:15:21,1,"1,500","17,2"
Odysseus,Gregory,"Calle B, nº 311",5148,Narros del Puerto,28/08/2022 7:25:43,3,"1,250","19,4"
Uriah,Hale,"Calle L, nº 206",44062,Cañada Vellida,25/08/2022 10:35:35,2,"3,000","18,2"
Henry,Crane,"Calle I, nº 237",36901,"Illa de Arousa, A",19/01/2022 15:21:16,3,"0,250","32,5"
Evelyn,Navarro,"Calle T, nº 288",11032,Sanlúcar de Barrameda,4/08/2022 0:45:27,6,"1,500","22,9"
Riley,Mcintosh,"Calle C, nº 63",41056,"Luisiana, La",12/09/2022 23:34:04,5,"0,750","23,2"
Quemby,Bird,"Calle T, nº 62",9026,Arlanzón,18/01/2022 17:02:05,6,"0,750","15,3"
Adria,Mitchell,"Calle C, nº 360",20069,Donostia/San Sebastián,6/02/2022 7:21:24,4,"2,000","32,3"
Debra,Reeves,"Calle O, nº 232",46141,Higueruelas,20/10/2022 6:11:00,4,"5,000","18,8"
Ina,Finley,"Calle Q, nº 126",16016,Almendros,10/01/2022 7:47:32,4,"4,000","17,6"
Jacob,Galloway,"Calle A, nº 338",16068,Castillejo de Iniesta,20/11/2022 15:03:58,3,"0,500",29
Griffin,Wiley,"Calle C, nº 193",132010,Beade,16/08/2022 18:22:57,4,"2,000","34,8"
Noble,Finch,"Calle C, nº 317",17163,Sant Gregori,16/12/2022 6:43:48,1,"1,000","31,3"
Ramona,Hogan,"Calle H, nº 238",5217,San Miguel de Corneja,26/02/2022 0:52:27,6,"1,500","21,4"
Omar,Boyd,"Calle S, nº 357",42184,Torlengua,12/08/2022 15:39:51,5,"1,500","17,7"
Lillith,Kirkland,"Calle I, nº 266",8103,Jorba,18/10/2022 19:26:26,2,"1,500","26,6"
Cheryl,Reid,"Calle E, nº 235",26034,Briones,2/02/2022 15:10:45,2,"5,000","22,8"
Xantha,Prince,"Calle P, nº 141",16142,Olmedilla de Alarcón,8/10/2022 18:05:24,2,"4,000","27,3"
Jaden,Stark,"Calle Q, nº 85",35025,Tejeda,21/04/2022 16:48:31,1,"0,500","23,2"
Claudia,Blake,"Calle I, nº 74",25039,Baix Pallars,5/06/2022 18:27:19,6,"1,000","19,8"
Theodore,Clayton,"Calle C, nº 74",9105,Ciruelos de Cervera,21/10/2022 5:21:05,5,"1,500","22,3"
Amity,Shepherd,"Calle I, nº 19",3135,"Vall d'Ebo, la",2/04/2022 20:13:00,8,"1,500","23,9"
Arden,Delaney,"Calle Y, nº 350",25180,Puiggròs,7/05/2022 5:37:21,4,"1,250","21,4"
Richard,Butler,"Calle U, nº 336",45166,Tembleque,18/09/2022 20:14:42,5,"1,500","28,1"
Laura,Vaughn,"Calle A, nº 79",46243,Torrella,5/01/2022 22:12:25,6,"1,000","24,4"
Sade,Ware,"Calle J, nº 285",22016,Alcampell,5/10/2022 9:08:14,5,"3,000","29,6"
Michael,Gilmore,"Calle R, nº 207",50079,Cervera de la Cañada,1/06/2022 23:27:20,2,"1,000","33,5"
Zane,Boone,"Calle W, nº 47",26074,Hervías,15/04/2022 3:09:09,4,"0,250","19,6"
Carol,English,"Calle W, nº 347",24176,Valdefuentes del Páramo,25/05/2022 19:41:09,8,"0,750","19,5"
Ruth,Sheppard,"Calle B, nº 85",19296,Utande,12/05/2022 21:38:42,4,"2,000","16,4"
Yuli,Bates,"Calle U, nº 347",46103,Quartell,27/09/2022 21:00:16,8,"2,000","31,5"
Ainsley,Spence,"Calle W, nº 313",9906,Merindad de Río Ubierna,28/01/2022 0:55:20,5,"4,000","26,4"
Adam,Moore,"Calle U, nº 391",13062,Picón,31/10/2022 20:22:50,8,"2,000","31,2"
Herrod,Contreras,"Calle L, nº 1",37176,Madroñal,18/11/2022 17:02:41,1,"0,750","24,4"
Henry,Robbins,"Calle U, nº 338",37317,Tarazona de Guareña,3/01/2022 4:33:47,7,"1,500","16,3"
Suki,Berger,"Calle B, nº 307",31026,Aras,7/12/2022 0:25:17,3,"0,750","21,3"
Dean,Faulkner,"Calle L, nº 245",19017,Algora,16/02/2022 21:08:18,5,"1,500","16,6"
Chanda,Hull,"Calle K, nº 114",9018,Aranda de Duero,18/07/2022 20:08:17,1,"1,250","19,6"
Fuller,Pierce,"Calle X, nº 11",18145,Ogíjares,22/05/2022 20:29:50,3,"1,250","29,9"
Brynn,James,"Calle F, nº 356",49273,Viñas,16/01/2022 19:47:33,5,"0,250","15,7"
Kathleen,Woodard,"Calle N, nº 17",44068,Castelserás,10/10/2022 10:40:50,3,"0,750",34
Walker,Sweeney,"Calle M, nº 297",42123,Morón de Almazán,1/07/2022 23:11:45,6,"0,750","31,4"
Alice,Velazquez,"Calle B, nº 162",5221,Santa Cruz del Valle,19/06/2022 11:02:13,6,"0,250","20,8"
Dahlia,Ochoa,"Calle W, nº 87",9908,Valle de Losa,26/06/2022 17:38:20,,"0,250","24,3"
Deborah,Small,"Calle G, nº 172",48074,Urduña/Orduña,6/08/2022 15:20:30,4,"5,000","18,8"
Kadeem,Riddle,"Calle G, nº 116",9265,Piérnigas,27/10/2022 20:30:07,3,"1,500","30,8"
Christian,Cobb,"Calle B, nº 289",8004,Alpens,25/02/2022 12:28:47,1,"0,250","22,3"
Dane,Hunt,"Calle D, nº 50",40103,"Huertos, Los",23/07/2022 9:49:45,1,"3,000",35
Kameko,Curtis,"Calle T, nº 66",24197,Vega de Infanzones,26/06/2022 23:00:44,3,"1,500","33,5"
Gary,Clements,"Calle Q, nº 201",1010,Ayala/Aiara,20/08/2022 3:04:06,2,"1,500","16,9"
Timon,Hutchinson,"Calle B, nº 338",47089,Melgar de Arriba,1/11/2022 20:54:05,4,"4,000","18,5"
Omar,Puckett,"Calle Y, nº 129",12096,Rossell,21/09/2022 8:31:10,3,"1,500","20,5"
Herrod,Hughes,"Calle Z, nº 384",9117,"Cueva de Roa, La",30/07/2022 1:23:14,6,"3,000","31,1"
Shad,Gomez,"Calle Q, nº 267",8134,Figaró-Montmany,14/05/2022 11:06:49,3,"5,000","29,9"
Odysseus,Brennan,"Calle X, nº 372",31905,Beriáin,14/04/2022 8:27:47,6,"1,000","26,7"
Kylynn,Mercer,"Calle A, nº 181",12142,Zucaina,19/03/2022 3:59:13,7,"0,750","24,4"
Brenden,Sandoval,"Calle U, nº 35",5027,"Berlanas, Las",17/08/2022 16:36:34,2,"1,500","30,8"
Lester,Gillespie,"Calle Q, nº 235",15005,Arteixo,1/05/2022 11:53:51,6,"4,000","22,8"
Aristotle,Rivers,"Calle E, nº 146",44002,Abejuela,27/02/2022 3:24:49,8,"2,000","19,8"
Fallon,Holt,"Calle U, nº 3",12079,Montanejos,23/09/2022 23:51:53,6,"5,000","21,5"
Ashely,Delacruz,"Calle P, nº 130",19325,Viñuelas,13/05/2022 8:24:04,6,"1,000","15,9"
Hedley,Ramsey,"Calle F, nº 258",8183,Roda de Ter,24/02/2022 0:30:25,6,"0,750","20,8"
Tatyana,Shepard,"Calle Q, nº 287",47149,San Pelayo,24/01/2022 8:52:38,2,"0,750","20,4"
Rae,Buchanan,"Calle W, nº 262",45174,Totanés,26/09/2022 22:22:33,3,"5,000","33,9"
Ignatius,Mathews,"Calle W, nº 214",20049,Lazkao,9/02/2022 7:46:54,2,"4,000","19,7"
Zahir,Dale,"Calle O, nº 283",46259,Villargordo del Cabriel,11/09/2022 7:11:09,5,"0,250","17,9"
Tanek,Haney,"Calle X, nº 75",50220,Puendeluna,20/07/2022 21:31:19,4,"0,750","28,6"
Madison,Bryan,"Calle P, nº 97",5174,Orbita,20/04/2022 6:09:32,1,"1,250","18,3"
Kelly,Franklin,"Calle K, nº 374",10169,Santiago de Alcántara,26/12/2022 5:27:41,2,"2,000","30,2"
Byron,Ellison,"Calle H, nº 350",28082,Manzanares el Real,16/07/2022 12:48:14,6,"1,000","20,8"
Garth,Monroe,"Calle L, nº 121",50007,Aladrén,17/06/2022 9:12:05,5,"2,000","32,6"
Ayanna,Cantu,"Calle V, nº 23",45079,"Iglesuela del Tiétar, La",27/06/2022 17:16:37,8,"0,500","24,1"
Xena,Horne,"Calle H, nº 179",50105,Fayón,2/06/2022 5:00:16,8,"1,500","21,4"
Nayda,Galloway,"Calle L, nº 79",50236,Santa Cruz de Grío,25/02/2022 20:03:22,3,"2,000","20,6"
Barry,Cleveland,"Calle N, nº 336",17094,Llívia,16/07/2022 0:39:59,8,"2,000","34,8"
Ariel,Hunter,"Calle G, nº 53",24047,Castrocontrigo,14/09/2022 8:00:25,6,"3,000","29,2"
Kirk,Glover,"Calle Q, nº 302",10042,Campillo de Deleitosa,25/10/2022 8:51:39,6,"0,750","34,1"
Brett,Sandoval,"Calle G, nº 331",29006,Algatocín,22/04/2022 5:59:20,6,"1,500","17,7"
Melanie,Mcgee,"Calle W, nº 82",31185,Ochagavía/Otsagabia,3/04/2022 14:26:09,4,"0,750","31,4"
Josephine,Perkins,"Calle O, nº 254",40074,Escarabajosa de Cabezas,29/07/2022 8:00:05,8,"2,000","24,4"
Gregory,Thomas,"Calle Q, nº 358",50071,Campillo de Aragón,10/08/3022 3:21:10,7,"1,500","27,1"
Britanney,Decker,"Calle R, nº 95",3106,Planes,19/05/2022 15:26:43,5,"0,500","21,9"
Bethany,Norman,"Calle L, nº 313",16043,Campillos-Paravientos,21/02/2022 15:55:29,8,"1,000",24
Buckminster,O'donnell,"Calle D, nº 269",16264,Villarejo de Fuentes,22/03/2022 6:24:56,1,"3,000","32,2"
Nicholas,Giles,"Calle E, nº 212",16123,Masegosa,17/01/2022 14:42:53,6,"3,000",30
Madeline,Vega,"Calle Y, nº 190",2016,Bienservida,12/08/2022 13:01:29,8,"1,250","19,7"
Jamal,Solis,"Calle F, nº 386",49173,Rábano de Aliste,22/03/2022 1:55:14,8,"3,000","19,2"
Vivien,Phelps,"Calle Y, nº 9",47165,Tordesillas,29/12/2022 9:35:45,2,"1,250",20
Travis,Bell,"Calle T, nº 94",38039,Santa Úrsula,29/05/2022 2:16:50,5,"1,250",20
Roth,Dyer,"Calle H, nº 239",37054,"Bodón, El",7/06/2022 5:08:47,1,"0,250",28
Ingrid,Carson,"Calle C, nº 347",36006,Cambados,24/03/2022 5:30:06,,"2,000","34,2"
Christopher,Ramirez,"Calle V, nº 253",45030,Calzada de Oropesa,18/01/2022 20:55:14,2,"0,250","23,9"
Robin,Chase,"Calle K, nº 183",13008,Alcubillas,21/07/2022 8:54:31,6,"0,750","16,8"
Hu,Fry,"Calle D, nº 292",8027,"Cabanyes, Les",1/06/2022 13:49:01,3,"0,500","24,8"
Amir,Mckinney,"Calle G, nº 385",24162,Santovenia de la Valdoncina,8/10/2022 12:29:41,3,"1,000","17,5"
Ila,Oneal,"Calle N, nº 363",40200,Tabanera la Luenga,11/05/2022 7:23:23,4,"0,250","21,5"
Clio,Vargas,"Calle D, nº 377",10154,Rebollar,13/12/2022 10:44:30,4,"0,750","32,7"
Conan,Grant,"Calle Y, nº 164",26108,Ocón,22/07/2022 17:41:27,2,"2,000","22,2"
Craig,Patterson,"Calle S, nº 48",37010,"Alberca, La",5/08/2022 2:33:36,3,"1,000","30,4"
Azalia,Hawkins,"Calle U, nº 39",34208,Villaeles de Valdavia,24/12/2022 19:33:18,2,"1,500","15,8"
Nicole,Small,"Calle P, nº 331",33071,Taramundi,16/08/2022 18:23:36,7,"4,000","25,6"
Barclay,Barnes,"Calle Y, nº 65",13084,Torre de Juan Abad,25/10/2022 6:01:04,3,"1,250",27
Cain,Ferguson,"Calle N, nº 319",17120,Palau-saverdera,9/08/3022 22:00:10,6,"1,000","26,1"
Odette,Edwards,"Calle X, nº 136",23038,"Guardia de Jaén, La",12/09/2022 13:23:09,2,"0,750","19,2"
Willa,Black,"Calle T, nº 268",40056,Cobos de Fuentidueña,23/08/2022 3:39:20,6,"2,000","20,4"
Hashim,Horne,"Calle S, nº 180",1034,Leza,17/03/2022 9:04:32,5,"1,500","33,2"
Megan,Rollins,"Calle H, nº 143",9451,Villanueva de Gumiel,29/04/2022 9:23:59,3,"3,000","34,1"
Mari,Griffin,"Calle B, nº 61",23097,Villanueva del Arzobispo,31/05/2022 8:39:46,5,"1,500","17,6"
Gavin,Beasley,"Calle B, nº 46",43142,Sarral,3/02/2022 23:49:18,8,"1,250","32,2"
Daria,Molina,"Calle J, nº 189",19184,Millana,8/11/2022 22:40:30,2,"1,000","15,6"
Clio,Anderson,"Calle Z, nº 306",37143,Galinduste,26/11/2022 13:08:30,2,"1,000","24,1"
Jasmine,Lucas,"Calle M, nº 166",16078,Cuenca,20/10/2022 0:29:45,7,"0,500","26,1"
Kelsey,Swanson,"Calle L, nº 400",23079,Santisteban del Puerto,31/08/2022 9:43:00,4,"3,000","17,3"
Bert,Wood,"Calle V, nº 174",25134,Menàrguens,2/10/2022 14:20:08,4,"2,000","22,3"
Clayton,Espinoza,"Calle P, nº 58",26178,Viniegra de Abajo,26/11/2022 5:58:34,8,"1,250","31,5"
Fuller,Chase,"Calle Q, nº 77",44148,Mezquita de Jarque,10/03/2022 6:33:21,8,"3,000","27,4"
Nathaniel,Rios,"Calle Z, nº 14",49080,Fuentelapeña,25/04/2022 9:31:51,4,"1,000","24,4"
Hayfa,Mayo,"Calle Y, nº 102",43015,Arbolí,31/03/2022 12:43:32,4,"1,500","33,4"
Dane,Kaufman,"Calle T, nº 369",17002,Aiguaviva,19/06/2022 19:39:14,2,"0,250","30,9"
Jin,Mckenzie,"Calle C, nº 342",28099,Navas del Rey,24/08/2022 14:37:10,1,"2,000","20,4"
Shafira,Watts,"Calle T, nº 170",5247,"Torre, La",1/08/2022 6:32:52,1,"4,000","25,4"
Neil,Kramer,"Calle V, nº 344",31059,Burgui/Burgi,11/05/2022 23:57:26,7,"1,250","25,4"
Benedict,Spence,"Calle K, nº 232",46133,Gestalgar,21/07/2022 8:45:53,5,"1,000","25,7"
Bethany,Duncan,"Calle Z, nº 164",9046,Bascuñana,22/09/2022 9:00:54,2,"1,000","31,1"
Caleb,Alford,"Calle H, nº 16",45119,Numancia de la Sagra,22/07/2022 18:51:56,5,"0,750","27,3"
Olivia,David,"Calle J, nº 205",142113,Medinaceli,22/07/2022 4:19:58,2,"2,000","22,8"
Briar,Oneal,"Calle N, nº 84",17147,Ripoll,26/05/2022 10:51:45,7,"1,250","23,8"
Germaine,Woods,"Calle C, nº 397",37218,Navamorales,22/05/2022 20:34:02,5,"0,750","23,8"
Ursula,Riddle,"Calle F, nº 400",28150,Torrejón de Velasco,7/08/2022 19:11:47,8,"1,000","33,3"
Jameson,Carr,"Calle F, nº 333",44022,Alloza,27/07/2022 5:08:13,4,"0,500","30,7"
Octavia,Shepard,"Calle S, nº 162",10161,Ruanes,14/05/2022 23:58:07,8,"4,000","26,9"
Kato,Sloan,"Calle M, nº 359",40013,Aldeasoña,27/12/2022 6:38:02,7,"1,500","18,7"
Thaddeus,Holt,"Calle U, nº 315",9253,Pardilla,30/03/2022 10:50:55,2,"0,750","15,1"
Troy,Whitfield,"Calle C, nº 179",49223,Trabazos,26/04/2022 11:03:54,3,"1,000","33,1"
Raymond,Terry,"Calle B, nº 72",31011,Allín/Allin,19/10/2022 12:33:04,5,"1,000","19,4"
Colby,Campbell,"Calle M, nº 257",4901,"Tres Villas, Las",2/06/2022 21:49:32,2,"1,250","34,5"
Lionel,Webster,"Calle E, nº 98",39025,"Corrales de Buelna, Los",12/12/2022 1:58:32,7,"1,250","24,9"
Harper,Turner,"Calle B, nº 176",8151,Oristà,6/02/2022 7:53:04,7,"5,000","20,8"
Uta,King,"Calle D, nº 381",17027,Breda,28/08/2022 3:04:14,3,"1,500","16,8"
Jessica,Gay,"Calle S, nº 364",13023,Bolaños de Calatrava,3/10/2022 18:00:26,4,"4,000","30,8"
Amir,Malone,"Calle N, nº 29",29054,Fuengirola,4/08/2022 10:11:32,8,"2,000","23,6"
Mason,Rasmussen,"Calle E, nº 11",10050,Casar de Palomero,3/08/2022 4:55:18,2,"0,500","28,7"
Samuel,Cote,"Calle N, nº 316",43096,"Morera de Montsant, La",1/12/2022 20:11:17,2,"2,000","26,9"
Daniel,Waller,"Calle G, nº 151",47064,Fontihoyuelo,26/12/2022 10:10:07,3,"1,000","21,4"
Oscar,Carey,"Calle F, nº 285",34045,Capillas,21/11/2022 19:38:53,1,"1,000",25
Brynne,Nixon,"Calle C, nº 53",50172,Monreal de Ariza,15/04/2022 7:58:05,3,"0,500","28,5"
Edward,Rivas,"Calle M, nº 173",6076,Maguilla,3/02/2022 4:43:41,7,"0,750","29,6"
Hyacinth,Mooney,"Calle N, nº 309",37063,"Cabeza de Béjar, La",19/09/2022 6:45:51,3,"0,500","33,1"
Lillith,Lopez,"Calle L, nº 275",45053,Consuegra,14/02/2022 10:39:16,2,"3,000","21,1"
Neve,Mcgowan,"Calle A, nº 322",50245,Sigüés,17/06/2022 16:12:00,2,"2,000","23,2"
Gillian,Good,"Calle M, nº 321",5123,Mediana de Voltoya,9/05/2022 4:29:30,3,"4,000","28,6"
Cameron,Perez,"Calle V, nº 273",47224,Villarmentero de Esgueva,18/11/2022 21:06:39,4,"0,750",29
Felicia,Copeland,"Calle W, nº 319",44219,Tornos,9/11/2022 19:57:17,4,"0,500","31,5"
Hashim,Fox,"Calle F, nº 249",26010,Alesón,3/10/2022 2:42:16,4,"1,000","25,4"
Luke,Harding,"Calle I, nº 14",44226,Torrelacárcel,21/01/2022 23:00:42,8,"4,000","17,6"
Francesca,Zimmerman,"Calle K, nº 368",37334,Valdelageve,19/11/2022 6:26:30,7,"3,000",21
Hasad,Conner,"Calle E, nº 308",31260,Valle de Yerri/Deierri,21/07/2022 3:44:20,3,"5,000","21,9"
Davis,Decker,"Calle E, nº 213",5182,Pedro Bernardo,25/12/2022 12:12:25,3,"5,000","26,1"
Jamal,Callahan,"Calle Y, nº 90",31177,Murieta,26/09/2022 21:20:37,6,"1,500","28,3"
Boris,Bernard,"Calle V, nº 204",28173,Villamanrique de Tajo,12/09/2022 19:12:18,6,"0,750","29,9"
Brenden,Fisher,"Calle U, nº 91",17155,Salt,23/03/2022 1:29:10,3,"3,000","31,9"
Jayme,Lott,"Calle Z, nº 322",14072,Villaralto,7/10/2022 11:35:33,7,"0,500","21,7"
Price,Rose,"Calle U, nº 154",28132,San Martín de la Vega,15/10/2022 21:59:21,7,"4,000","32,4"
Rosalyn,Mitchell,"Calle M, nº 235",24099,Matanza,26/10/2022 9:12:21,4,"1,250","23,9"
Russell,Carson,"Calle C, nº 36",1023,Elvillar/Bilar,24/07/2022 0:44:21,8,"4,000","30,1"
Sawyer,Eaton,"Calle J, nº 5",15045,Mazaricos,23/01/2022 22:48:55,6,"1,250","19,4"
Philip,Spence,"Calle F, nº 153",50269,Urrea de Jalón,8/06/2022 6:02:29,6,"4,000","30,3"
William,Peck,"Calle X, nº 298",45143,Quismondo,24/02/2022 9:11:01,8,"3,000","23,2"
Madison,Rocha,"Calle T, nº 311",9065,Campillo de Aranda,11/03/2022 12:53:52,2,"0,750","23,7"
Rylee,Briggs,"Calle S, nº 83",23012,Beas de Segura,3/10/2022 17:47:26,3,"2,000","27,9"
Chadwick,Mayo,"Calle H, nº 323",24146,San Esteban de Nogales,30/09/2022 20:39:01,7,"1,000","20,5"
Rina,Kirby,"Calle L, nº 265",49265,Villardiegua de la Ribera,2/03/2022 14:24:54,4,"3,000","20,2"
Isaac,Bradshaw,"Calle X, nº 323",18154,"Peza, La",9/12/2022 12:07:34,8,"1,250","28,3"
Tucker,Lowery,"Calle E, nº 301",5901,San Juan de Gredos,14/10/2022 20:51:41,5,"0,250","20,4"
Castor,Arnold,"Calle O, nº 12",30014,Campos del Río,22/09/2022 7:53:51,4,"0,500","21,3"
Erich,Page,"Calle T, nº 16",8111,Malla,16/12/2022 0:56:39,8,"1,250",26
Marcia,Walsh,"Calle T, nº 274",46172,Montserrat,28/04/2022 19:28:13,4,"1,000","25,1"
Charles,Abbott,"Calle U, nº 176",16050,Cañaveras,29/07/2022 6:26:13,3,"3,000","26,1"
Harrison,Lowery,"Calle P, nº 375",18086,Gorafe,8/10/2022 0:10:43,2,"1,500","33,8"
Micah,Britt,"Calle P, nº 61",40139,Navafría,6/01/2022 9:01:32,4,"0,500","22,3"
Solomon,Huber,"Calle U, nº 66",46235,Sueca,14/08/2022 20:16:40,8,"2,000","28,6"
Chanda,Jennings,"Calle K, nº 346",16088,Fuentelespino de Moya,4/09/2022 1:23:24,7,"3,000","16,9"
Faith,Gray,"Calle Z, nº 27",2079,Villamalea,8/01/2022 13:10:56,7,"1,500","27,4"
Noel,Miles,"Calle G, nº 224",24116,Posada de Valdeón,25/10/2022 8:22:40,7,"0,500",27
Nehru,Oliver,"Calle W, nº 108",12015,Argelita,14/03/2022 9:00:42,7,"0,750","27,6"
Chava,Carter,"Calle D, nº 74",22037,Arguis,26/11/2022 15:48:57,4,"2,000","30,2"
Judah,Rocha,"Calle W, nº 66",17036,Campdevànol,10/06/2022 5:33:53,8,"2,000","24,3"
Sierra,Guzman,"Calle S, nº 324",16191,San Lorenzo de la Parrilla,4/08/2022 11:50:36,8,"3,000","33,3"
Unity,Blair,"Calle Q, nº 265",8269,Seva,26/01/2022 5:33:22,5,"0,250","30,4"
Grant,Mcconnell,"Calle T, nº 297",25164,Penelles,28/05/2022 7:44:20,1,5000,"22,9"
Xantha,Forbes,"Calle J, nº 137",5115,Maello,21/07/2022 16:24:31,2,"4,000","28,2"
Zahir,Fry,"Calle B, nº 48",50148,Luesia,21/11/2022 22:02:31,4,"3,000","19,5"
Logan,Ellis,"Calle H, nº 105",42001,Abejar,11/09/2022 13:06:16,6,"5,000","25,8"
Bree,Joyce,"Calle D, nº 74",45135,"Puebla de Almoradiel, La",18/05/2022 21:21:54,2,"1,500",16
Leonard,Ferguson,"Calle V, nº 162",46050,Benagéber,31/03/2022 21:33:50,3,"0,250","32,9"
Finn,Roberts,"Calle S, nº 166",37351,Villaflores,20/09/2022 1:37:09,8,"0,500",25
Ciaran,Baird,"Calle U, nº 70",37260,Puebla de Yeltes,8/08/2022 13:43:29,6,"0,750","32,5"
Castor,Key,"Calle D, nº 7",17101,Massanes,11/06/2022 20:28:16,4,"3,000","28,5"
Indira,Aguilar,"Calle B, nº 3",46073,Bolbaite,2/02/2022 15:57:44,7,"0,750","31,2"
Keiko,Pena,"Calle Y, nº 84",37018,Aldeanueva de la Sierra,6/06/2022 15:40:36,1,1500,31
Madeline,Stone,"Calle I, nº 139",21007,Aracena,22/05/2022 7:41:47,1,1500,"25,9"
Cooper,Pace,"Calle X, nº 313",29077,Parauta,17/11/2022 0:31:40,8,"1,250","26,6"
Dacey,Holt,"Calle E, nº 278",8203,Sant Cebrià de Vallalta,22/12/2022 18:59:54,5,"2,000","32,2"
Bevis,Charles,"Calle L, nº 71",24055,Cimanes del Tejar,27/08/2022 4:59:05,2,"4,000","27,6"
Vincent,Golden,"Calle K, nº 211",25189,Rosselló,6/01/2022 12:42:42,3,"4,000","33,9"
Mia,Fulton,"Calle T, nº 106",40004,Aguilafuente,26/02/2022 9:08:51,3,"0,750",25
Zenia,Mcguire,"Calle U, nº 400",28181,Villaviciosa de Odón,22/02/2022 18:04:30,3,"1,250","16,9"
Ursa,Rivers,"Calle P, nº 171",37026,Aldehuela de Yeltes,27/11/2022 22:33:52,7,"4,000",19
Beatrice,Harrison,"Calle M, nº 160",4054,Íllar,12/08/2022 17:02:06,1,"3,000","18,2"
Carissa,Hicks,"Calle N, nº 173",1028,Labastida/Bastida,23/07/2022 22:27:02,3,"1,000","26,8"
Winifred,Ingram,"Calle U, nº 58",36031,Mondariz-Balneario,6/11/2022 15:24:06,2,"1,000",23
Barclay,Harding,"Calle J, nº 323",46211,"Real de Gandia, el",10/09/2022 20:14:13,7,"1,250","31,7"
Carolyn,Conner,"Calle D, nº 11",8174,Puigdàlber,21/02/2022 6:42:55,8,"0,750","21,8"
Aaron,Lane,"Calle H, nº 398",5190,Pozanco,26/10/2022 14:56:47,6,"1,250","27,2"
Desiree,Bush,"Calle A, nº 24",34053,Castromocho,12/03/2022 13:08:33,8,"4,000",30
Walter,Burt,"Calle P, nº 314",31123,Uharte Arakil,26/03/2022 5:44:05,8,"1,000","19,3"
Madeline,Goff,"Calle B, nº 375",9084,Castrillo de la Reina,14/08/2022 0:56:40,siete,"1,250","25,4"
Victoria,Christian,"Calle G, nº 315",50015,Alconchel de Ariza,1/01/2022 14:31:14,7,"0,250","21,5"
Gage,Spears,"Calle L, nº 276",31075,Ciriza/Ziritza,16/12/2022 18:00:30,7,"1,250",34
Tad,Hodges,"Calle A, nº 282",32032,Xinzo de Limia,13/02/2022 4:57:45,6,"5,000","23,6"
Ryan,Mcintosh,"Calle Q, nº 188",10177,Sierra de Fuentes,11/10/2022 11:39:16,4,"0,500","29,4"
May,Knight,"Calle E, nº 162",40021,Arevalillo de Cega,8/02/2022 12:07:25,4,"1,250","23,3"
Evan,Burgess,"Calle N, nº 346",16159,Pinarejo,26/05/2022 8:23:02,6,"5,000","34,8"
Francis,Mann,"Calle N, nº 177",18185,Ventas de Huelma,23/07/2022 14:00:39,8,"1,500","24,7"
Ingrid,Peck,"Calle N, nº 112",25118,Juncosa,16/05/2022 17:26:56,8,"3,000","23,2"
Christian,Mckenzie,"Calle C, nº 300",31216,Sangüesa/Zangoza,14/02/2022 9:45:05,5,"5,000","20,5"
Jesse,Martin,"Calle J, nº 78",37382,Zorita de la Frontera,23/05/2022 5:05:10,4,"3,000","15,1"
Edward,Clay,"Calle N, nº 329",24215,Villamol,20/12/2022 11:30:25,6,"0,750","22,3"
Joel,Dotson,"Calle S, nº 27",39073,Santa Cruz de Bezana,22/06/2022 23:57:43,3,"1,250","32,5"
Nolan,Bryant,"Calle Y, nº 166",20081,Zumaia,30/06/2022 16:19:07,1,"1,250","26,4"
Autumn,Carson,"Calle H, nº 292",26118,Pradillo,28/04/2022 8:50:49,4,"0,500","20,8"
Brenna,Simmons,"Calle Z, nº 116",30030,Murcia,13/02/2022 11:54:09,8,"4,000","34,3"
Zia,Austin,"Calle D, nº 367",37282,Sanchotello,26/06/2022 0:44:15,7,"0,250","31,8"
Dane,Gill,"Calle Q, nº 38",12088,Pavías,26/03/2022 23:00:32,4,"0,750","15,9"
Graiden,Reid,"Calle A, nº 158",9309,Regumiel de la Sierra,1/09/2022 5:36:47,7,"0,250","22,8"
Myra,Poole,"Calle C, nº 262",8035,Calella,31/01/2022 2:17:21,4,"0,250","31,5"
Kevin,Holcomb,"Calle N, nº 348",45095,"Mata, La",21/09/2022 18:43:22,8,"0,500","19,8"
Cailin,Larsen,"Calle I, nº 180",46018,Alcublas,16/02/2022 19:42:15,7,"0,500",26
Kylee,Mccarty,"Calle F, nº 158",9443,Villamayor de los Montes,27/02/2022 6:45:26,6,"2,000","28,8"
Leroy,Guerra,"Calle J, nº 391",31034,Aribe,26/08/2022 19:20:20,7,"5,000","17,5"
Howard,Bauer,"Calle A, nº 228",4046,Fondón,9/10/2022 6:28:22,2,"0,500","27,4"
Madeson,Schmidt,"Calle K, nº 27",49050,Cobreros,22/10/2022 0:04:57,7,"0,250","24,7"
Beverly,Lang,"Calle Y, nº 59",42132,Noviercas,24/11/2022 1:17:50,8,"1,500","19,8"
Eugenia,Baldwin,"Calle G, nº 349",10123,Mirabel,8/01/2022 4:57:27,4,"3,000","23,9"
Omar,Mcdonald,"Calle C, nº 47",46118,Enguera,4/01/2022 13:09:15,2,"5,000","32,1"
Nathan,Woodard,"Calle A, nº 203",47097,Mota del Marqués,9/08/3022 4:58:42,6,"0,500",25
Harding,Waters,"Calle K, nº 156",48073,Ondarroa,17/12/2022 15:12:34,7,"0,750","30,5"
Morgan,Kent,"Calle H, nº 317",13070,Puerto Lápice,19/11/2022 21:15:00,4,"1,500","24,4"
Maryam,Long,"Calle Y, nº 191",14056,Puente Genil,8/12/2022 0:26:45,4,"1,000","22,6"
Troy,Carson,"Calle C, nº 212",44257,Villar del Cobo,11/06/2022 19:36:03,8,"1,250","31,8"
Simone,Farrell,"Calle T, nº 215",50229,Ruesca,16/03/2022 22:56:28,8,"0,250","15,3"
Dante,Pacheco,"Calle D, nº 41",31139,Lana,31/03/2022 19:23:24,1,"0,250","21,2"
Slade,Klein,"Calle Z, nº 28",13076,Santa Cruz de los Cáñamos,5/04/2022 15:25:53,2,"1,000","18,1"
Graiden,Petersen,"Calle W, nº 400",17220,Viladrau,25/03/2022 2:12:07,4,"5,000","29,8"
Steven,Dickson,"Calle T, nº 192",9180,Iglesias,25/05/2022 14:12:12,3,"0,250","22,8"
Jackson,Rocha,"Calle I, nº 385",42027,Arévalo de la Sierra,1/08/2022 18:59:12,2,"0,500",17
Nyssa,Trujillo,"Calle J, nº 155",18033,Busquístar,15/11/2022 18:34:16,6,"5,000","32,7"
Cailin,Butler,"Calle R, nº 44",49199,Santa Colomba de las Monjas,28/06/2022 15:47:21,7,"0,750","16,1"
Preston,Marsh,"Calle G, nº 120",10034,Cabezabellosa,23/11/2022 21:08:58,8,"1,000","19,2"
Aretha,Levine,"Calle S, nº 145",14002,Aguilar de la Frontera,2/03/2022 0:32:26,7,"0,500","17,5"
Eagan,Mckee,"Calle F, nº 311",15052,Muxía,21/02/2022 14:51:21,6,"0,500","31,5"
Candice,Payne,"Calle M, nº 339",44245,Valdeltormo,6/03/2022 8:28:40,3,"1,250","28,9"
Bert,Briggs,"Calle Y, nº 282",26142,San Vicente de la Sonsierra,14/06/2022 13:01:25,6,"1,000","20,9"
Colin,Fowler,"Calle F, nº 333",42061,Cidones,6/09/2022 19:35:21,1,"0,250","22,8"
Nichole,Love,"Calle G, nº 293",13047,Herencia,19/02/2022 14:13:39,6,"1,000","28,2"
Emmanuel,Wise,"Calle D, nº 356",26101,Muro en Cameros,29/11/2022 18:04:21,5,"0,250",26
Donovan,Diaz,"Calle O, nº 34",21047,Manzanilla,20/11/2022 3:22:48,7,"1,500","26,8"
Wynter,Terrell,"Calle Z, nº 251",15013,Brión,18/06/2022 1:07:33,7,"2,000","18,2"
Dean,Fox,"Calle M, nº 124",31130,Iturmendi,10/10/2022 1:22:05,4,"0,250","25,5"
Cameron,Wheeler,"Calle R, nº 143",39010,Bárcena de Pie de Concha,15/02/2022 22:28:36,5,"1,000","18,5"
Asher,Solomon,"Calle R, nº 198",8300,Viladecavalls,15/09/2022 0:57:46,1,"4,000","20,5"
Erin,Clarke,"Calle Q, nº 183",48066,Morga,13/12/2022 22:53:45,5,"3,000","15,1"
Driscoll,Tanner,"Calle W, nº 218",45071,"Guardia, La",24/12/2022 4:56:38,5,"2,000","20,4"
Macon,Grimes,"Calle D, nº 34",22223,Sopeira,19/10/2022 7:31:16,1,"2,000","16,2"
Oren,Burch,"Calle N, nº 16",36015,Cuntis,27/11/2022 17:20:25,7,"0,250","16,9"
Clayton,Russo,"Calle R, nº 18",18015,Alicún de Ortega,29/03/2022 6:09:25,1,"0,500","34,6"
Harriet,Pruitt,"Calle P, nº 385",9387,Torregalindo,17/04/2022 2:24:14,1,"5,000","22,2"
Karen,Harding,"Calle G, nº 144",8118,"Masnou, El",25/10/2022 13:48:14,8,"3,000","18,8"
Hadassah,Gates,"Calle M, nº 143",20035,Ezkio-Itsaso,23/07/2022 14:23:22,8,"2,000","23,5"
Talon,Stanley,"Calle Y, nº 27",9287,Quintanaortuño,6/10/2022 18:29:54,5,"0,750","30,2"
Nell,Yang,"Calle S, nº 225",20006,Alkiza,2/08/2022 2:25:30,5,"5,000","30,3"
Orson,Walton,"Calle O, nº 108",3098,Orxeta,5/02/2022 2:08:25,1,"0,250","21,6"
Colette,Delgado,"Calle F, nº 99",19286,Tórtola de Henares,25/11/2022 16:43:28,4,"1,500","29,7"
Montana,Pratt,"Calle T, nº 118",9148,Grijalba,9/07/2022 23:18:59,3,"0,750","33,4"
Plato,Robles,"Calle G, nº 355",34175,"Serna, La",21/10/2022 5:05:39,2,"1,500","19,9"
Quinn,Spencer,"Calle M, nº 52",17211,Verges,20/01/2022 7:12:39,5,"0,750","31,9"
Darius,Gould,"Calle R, nº 262",17046,Castellfollit de la Roca,30/12/2022 20:09:29,1,"2,000","26,3"
Velma,Cunningham,"Calle I, nº 378",7030,Llubí,28/05/2022 4:32:13,6,"5,000","18,4"
Roanna,Barker,"Calle K, nº 12",49231,Vega de Tera,17/11/2022 1:55:34,3,"1,500","17,5"
Kathleen,Kirby,"Calle P, nº 245",32002,Amoeiro,7/01/2022 23:00:18,4,"1,500","31,3"
Demetrius,Sears,"Calle F, nº 190",44193,Puertomingalvo,2/04/2022 5:17:53,3,"1,500","17,9"
Derek,Parsons,"Calle U, nº 240",22195,Quicena,4/07/2022 9:10:38,2,"0,500","33,4"
Honorato,Roy,"Calle Q, nº 282",41003,Albaida del Aljarafe,22/03/2022 15:48:29,2,"3,000","28,6"
Colton,Ward,"Calle X, nº 224",17063,Espinelves,30/08/2022 5:39:06,3,"3,000","33,1"
Caesar,Moon,"Calle X, nº 390",29099,Viñuela,30/04/2022 11:21:51,4,"1,250","17,4"
Deirdre,Cabrera,"Calle Q, nº 74",44129,Jatiel,17/06/2022 16:20:41,5,"0,750","27,7"
Andrew,Richard,"Calle L, nº 294",24090,Lucillo,28/06/2022 18:57:55,3,"3,000",29
Barbara,Charles,"Calle W, nº 247",28033,Campo Real,21/08/2022 1:14:07,2,"0,250","28,3"
Jessamine,Calderon,"Calle N, nº 304",6100,Peñalsordo,15/03/2022 15:19:26,5,"3,000","26,9"
Barrett,Brooks,"Calle C, nº 346",10091,Guijo de Santa Bárbara,15/03/2022 3:15:55,3,"0,500","18,1"
Dawn,Gardner,"Calle X, nº 229",25239,"Valls de Valira, Les",23/06/2022 5:02:29,8,"1,000","24,8"
Jackson,O'brien,"Calle Z, nº 47",26092,Manjarrés,9/11/2022 4:10:53,3,"4,000","16,5"
Olga,Howe,"Calle R, nº 226",4077,Rágol,17/06/2022 15:26:31,4,"1,250","31,7"
Daphne,Huffman,"Calle F, nº 342",46107,Chella,2/10/2022 8:55:51,7,"3,000","26,4"
Francesca,Tanner,"Calle B, nº 291",50139,Letux,6/05/2022 17:23:09,3,"1,000","15,9"
Wallace,Weber,"Calle I, nº 366",49127,Morales del Vino,14/03/2022 21:49:08,8,"1,250","26,2"
Sean,Ross,"Calle I, nº 134",6138,Valdetorres,23/01/2022 4:19:54,1,"1,500","27,6"
Callie,Ray,"Calle L, nº 193",29014,Alpandeire,28/10/2022 1:58:02,4,"0,500",25
Griffith,Adkins,"Calle J, nº 77",32053,Oímbra,4/08/2022 13:38:49,5,"0,500","26,1"
Sade,Riggs,"Calle C, nº 24",3083,Jijona/Xixona,1/08/2022 10:41:56,1,"0,750","18,1"
Hilary,Horne,"Calle V, nº 140",16025,Arrancacepas,25/02/2022 2:36:29,8,"4,000",18
Zeph,Farmer,"Calle W, nº 19",40191,Santo Tomé del Puerto,22/05/2022 13:18:34,5,"0,500","34,3"
Dorothy,Craft,"Calle A, nº 102",10207,Villa del Campo,18/05/2022 4:45:26,6,"2,000","26,7"
Octavia,Ingram,"Calle T, nº 215",16167,Pozorrubio de Santiago,8/08/2022 4:16:31,2,"1,000","21,4"
Coby,Moody,"Calle R, nº 150",36047,Rodeiro,30/08/2022 18:13:58,7,"1,500","28,5"
Rowan,Hardin,"Calle O, nº 105",31261,Yesa,21/07/2022 16:16:52,1,"0,500","33,6"
Colin,Mcdowell,"Calle D, nº 116",45127,Palomeque,6/03/2022 0:24:38,2,"0,500","28,5"
Zia,Whitney,"Calle E, nº 172",23029,Chiclana de Segura,14/04/2022 13:32:02,8,"4,000","26,4"
Carolyn,Pollard,"Calle U, nº 22",31200,Oteiza,13/10/2022 18:38:45,1,"1,000","18,8"
Dale,Huber,"Calle C, nº 135",13016,Almuradiel,23/04/2022 2:40:23,6,"4,000","18,4"
Xavier,Bright,"Calle M, nº 163",21031,Encinasola,18/11/2022 19:07:22,7,"2,000","34,8"
Anastasia,York,"Calle H, nº 99",45183,"Ventas de Retamosa, Las",27/07/2022 8:09:54,3,"5,000","20,3"
Ursula,Lawrence,"Calle R, nº 36",47141,Salvador de Zapardiel,21/07/2022 8:46:39,2,"1,000","19,3"
Keane,Cortez,"Calle X, nº 6",6021,Bodonal de la Sierra,24/01/2022 13:24:38,2,"3,000",19
Dillon,Knox,"Calle A, nº 23",44036,Bea,4/10/2022 18:58:07,6,"1,000",34
Salvador,Frazier,"Calle U, nº 123",5038,Bonilla de la Sierra,12/08/2022 3:52:38,5,"5,000","33,3"
Maggie,Calderon,"Calle P, nº 351",18105,Iznalloz,15/02/2022 2:02:07,6,"0,750","27,3"
Aladdin,Stanley,"Calle M, nº 42",18912,Cuevas del Campo,17/12/2022 8:24:30,2,"0,750","34,4"
Charity,Frank,"Calle S, nº 387",40063,Cuéllar,21/12/2022 19:05:25,8,"5,000",21
Rogan,Stuart,"Calle T, nº 143",6053,Fuente del Arco,9/01/2022 23:26:26,3,"0,500","29,3"
Kyle,Tucker,"Calle P, nº 255",41026,Casariche,22/06/2022 13:21:26,1,"1,000","23,4"
Nola,Sargent,"Calle E, nº 115",30006,Aledo,5/06/2022 18:12:11,1,"4,000","25,8"
Ori,Rosa,"Calle Q, nº 11",9301,Quintanilla Vivar,3/07/2022 16:04:16,3,"2,000","23,9"
Otto,Coffey,"Calle Y, nº 340",37193,Miranda del Castañar,1/08/2022 17:03:20,4,"1,000","25,9"
Cruz,Craig,"Calle X, nº 105",12025,Benafigos,11/08/2022 17:25:39,4,"1,500","30,8"
Hall,Weiss,"Calle F, nº 118",48904,Sondika,1/07/2022 17:57:26,8,"0,750","16,4"
Valentine,Mathis,"Calle V, nº 385",5018,Avellaneda,14/09/2022 1:15:59,4,"1,500","15,8"
Kenyon,Underwood,"Calle M, nº 234",47157,Sardón de Duero,22/02/2022 1:38:37,3,"0,250","18,8"
Breanna,Campos,"Calle Z, nº 145",6013,Atalaya,21/07/2022 13:08:55,6,"0,250","21,8"
Hammett,Ratliff,"Calle O, nº 289",47048,Ceinos de Campos,8/10/2022 2:25:55,1,"0,750","19,1"
Wing,Carrillo,"Calle Q, nº 374",5088,Grandes y San Martín,1/11/2022 7:11:16,7,"1,250","34,2"
Lionel,Rowland,"Calle F, nº 233",26126,Robres del Castillo,31/08/2022 12:38:54,8,"1,500","22,6"
Prescott,Pate,"Calle Z, nº 102",10075,Fresnedoso de Ibor,13/08/2022 5:27:38,7,"1,000","16,6"
Lydia,Beasley,"Calle V, nº 14",25030,"Pont de Bar, El",29/01/2022 2:31:07,3,"1,250","29,3"
Brendan,Leon,"Calle R, nº 170",37109,Colmenar de Montemayor,19/04/2022 21:02:02,2,"1,250","34,7"
Garrett,Holt,"Calle I, nº 172",6029,Campillo de Llerena,18/08/2022 19:56:41,8,"0,500","18,9"
Cassandra,Haynes,"Calle D, nº 357",18164,Puebla de Don Fadrique,15/10/2022 9:36:15,1,"0,750","34,8"
Harlan,Hansen,"Calle K, nº 234",6131,Torre de Miguel Sesmero,15/04/2022 5:55:21,5,"1,000","34,7"
Georgia,Parker,"Calle J, nº 3",49068,Ferreruela,1/06/2022 17:27:29,1,"1,250","18,6"
Audra,Watts,"Calle U, nº 189",22106,Fago,26/04/2022 13:26:59,5,"0,250","22,6"
Burke,Perry,"Calle F, nº 376",47016,Benafarces,31/03/2022 20:55:16,6,"0,250","18,4"
Kylan,Kirby,"Calle C, nº 266",46263,Zarra,15/09/2022 14:35:54,2,"0,750","15,9"
Judith,Bird,"Calle P, nº 349",10115,Malpartida de Cáceres,29/12/2022 8:40:27,6,"4,000","20,4"
Steel,Blackwell,"Calle K, nº 223",30037,Torre-Pacheco,17/08/2022 14:01:33,1,"0,250",26
Sandra,Mckee,"Calle J, nº 216",39082,Selaya,8/04/2022 19:17:00,2,"5,000","15,4"
Tarik,Barlow,"Calle I, nº 368",44183,Pitarque,27/01/2022 21:31:16,2,"0,750","18,7"
Cherokee,Olsen,"Calle T, nº 96",18040,Cáñar,31/12/2022 15:59:06,3,"4,000","25,6"
Bethany,Parks,"Calle M, nº 102",28025,Brea de Tajo,18/06/2022 11:16:29,8,"3,000","22,7"
Stacey,Burton,"Calle T, nº 178",33039,Muros de Nalón,11/02/2022 11:14:54,3,"4,000","29,8"
MacKenzie,Ramirez,"Calle B, nº 264",25232,Torres de Segre,20/02/2022 7:23:57,1,"4,000","20,3"
Wilma,Hunt,"Calle Z, nº 392",49122,Monfarracinos,22/01/2022 16:50:01,5,"3,000","34,1"
Aurora,Wynn,"Calle F, nº 282",47173,Traspinedo,15/11/2022 3:48:34,4,"0,750","30,4"
Amal,Stanley,"Calle U, nº 221",44010,Albentosa,20/08/2022 23:01:49,6,"0,250","29,4"
Paul,Landry,"Calle M, nº 344",38025,"Matanza de Acentejo, La",27/03/2022 15:54:30,5,"3,000","27,4"
Aimee,Hester,"Calle D, nº 42",46220,Sagunto/Sagunt,9/09/2022 23:28:18,6,"0,500","25,4"
Jolie,Silva,"Calle Z, nº 223",34199,Velilla del Río Carrión,2/06/2022 11:36:27,7,"1,250","21,9"
Edward,Huber,"Calle A, nº 20",25216,Talavera,20/08/2022 11:23:01,2,"4,000","33,2"
William,Cooke,"Calle I, nº 376",46160,Manuel,22/05/2022 12:03:22,5,"3,000","34,1"
Dai,Donovan,"Calle F, nº 383",24169,Toreno,23/05/2022 23:19:52,siete,"2,000","21,6"
Aline,Mccarty,"Calle G, nº 251",26144,Sorzano,11/07/2022 8:01:40,2,"0,250",33
Charlotte,Page,"Calle X, nº 273",30022,Jumilla,29/04/2022 1:29:36,7,"1,500","27,1"
Hadley,Perry,"Calle R, nº 228",4004,Albanchez,12/11/2022 2:15:22,8,"4,000","25,8"
Sarah,Fleming,"Calle U, nº 91",37201,Montemayor del Río,17/01/2022 21:12:14,1,"0,500","23,1"
Tamara,Larson,"Calle C, nº 106",43063,"Galera, La",28/09/2022 13:05:43,1,"0,500","15,8"
Shad,Hernandez,"Calle Z, nº 344",44210,Sarrión,26/04/2022 22:57:41,6,"0,500","19,4"
Baker,Mcdowell,"Calle O, nº 37",22184,Poleñino,30/03/2022 12:42:58,3,"0,500","33,6"
Charles,Perkins,"Calle F, nº 61",2063,Pozohondo,7/04/2022 21:18:45,5,"0,750","25,2"
Yuli,Mcgowan,"Calle S, nº 212",34072,Frechilla,5/03/2022 19:38:19,1,"4,000","30,3"
Sylvia,Hubbard,"Calle J, nº 242",37034,"Arco, El",17/01/2022 20:59:22,6,"0,500","31,2"
Drew,Fitzgerald,"Calle O, nº 139",50180,Mozota,20/04/2022 8:43:43,7,"1,000",28
Martina,Petty,"Calle G, nº 208",50023,Almonacid de la Cuba,3/08/2022 9:22:28,2,"1,250",23
Mari,Spencer,"Calle X, nº 268",45087,Madridejos,15/07/2022 5:53:00,5,"1,250","32,2"
Celeste,Parrish,"Calle E, nº 230",3018,Altea,23/07/2022 21:50:43,1,"0,500",
Martin,Merritt,"Calle Z, nº 382",14048,Palenciana,30/05/2022 11:27:33,1,"3,000",
Alfreda,Mcintosh,"Calle J, nº 135",40228,Villaverde de Íscar,21/09/2022 0:44:49,6,"0,250","17,3"
Shaine,Contreras,"Calle R, nº 216",37002,Agallas,22/07/2022 6:05:01,6,"1,250","28,5"
Declan,Chen,"Calle V, nº 260",12048,Cortes de Arenoso,9/01/2022 21:42:43,1,"0,250",
Chaim,Chaney,"Calle K, nº 142",9094,Cebrecos,17/03/2022 2:49:35,4,"1,250","27,8"
Thomas,Estrada,"Calle F, nº 109",3025,Benferri,9/03/2022 10:45:06,3,"0,250","32,3"
Sacha,Knox,"Calle D, nº 355",14010,Benamejí,12/09/2022 0:47:51,6,"2,000","19,9"
Scott,Farmer,"Calle Y, nº 329",22024,Alquézar,16/06/2022 10:00:31,5,"3,000","23,1"
Cameron,Gillespie,"Calle C, nº 56",50204,Pedrola,5/09/2022 7:03:58,1,"0,250","18,2"
Luke,Mclaughlin,"Calle W, nº 92",8226,Sant Martí de Tous,27/01/2022 1:16:03,8,"0,250","17,2"
Phelan,Brewer,"Calle O, nº 281",8067,Centelles,12/06/2022 18:23:25,4,"3,000","32,5"
Quinlan,Lewis,"Calle G, nº 151",36043,Ponte Caldelas,23/06/2022 16:16:55,2,"2,000","29,7"
Karina,Brown,"Calle L, nº 206",24154,Santa Elena de Jamuz,27/12/2022 23:34:30,8,"0,500","30,5"
Tasha,Merritt,"Calle L, nº 278",37299,Santiz,19/10/2022 7:41:29,3,"5,000","17,2"
Sasha,Witt,"Calle M, nº 16",13054,Membrilla,4/08/2022 5:21:59,1,"1,250","31,6"
Alfreda,Mosley,"Calle E, nº 239",43157,Ulldemolins,6/02/2022 3:45:24,1,"0,750","23,4"
Quyn,Skinner,"Calle X, nº 362",21071,Valdelarco,2/09/2022 19:37:38,7,"3,000","32,2"
Bert,Burgess,"Calle V, nº 274",9396,Tubilla del Lago,8/01/2022 8:21:19,5,"0,250","16,8"
Yen,Pitts,"Calle N, nº 394",50095,Ejea de los Caballeros,6/04/2022 13:07:07,2,"0,750","23,2"
Fuller,Griffin,"Calle P, nº 195",9363,Sasamón,17/11/2022 14:38:36,6,"2,000","34,3"
Scarlet,Stokes,"Calle D, nº 11",23071,Puente de Génave,29/12/2022 5:33:24,5,"1,000","26,3"
Latifah,Gentry,"Calle D, nº 169",47231,Zaratán,13/02/2022 16:29:42,1,"2,000","30,2"
Quyn,Mendez,"Calle E, nº 286",5055,Casillas,5/09/2022 6:41:29,7,"1,500",24
Tana,Roth,"Calle C, nº 104",3113,Rojales,23/11/2022 18:17:40,8,"1,000","32,9"
Cherokee,Erickson,"Calle R, nº 384",22083,Castejón de Monegros,27/08/2022 4:59:54,5,"1,000","26,1"
Kiona,Holmes,"Calle P, nº 51",8060,Castellfollit de Riubregós,7/12/2022 16:52:05,2,"2,000","25,1"
Silas,Page,"Calle Y, nº 320",8128,Monistrol de Calders,2/11/2022 23:09:03,4,"2,000","18,2"
Madeline,Carney,"Calle N, nº 221",49088,Gamones,11/06/2022 23:18:09,8,"1,000","31,4"
Macon,Rodriquez,"Calle P, nº 18",15029,Coristanco,24/01/2022 2:47:10,1,"2,000","26,8"
Bo,Parker,"Calle H, nº 192",1054,Urkabustaiz,7/08/2022 23:06:26,3,"2,000","32,8"
Octavia,Caldwell,"Calle D, nº 75",41041,Estepa,6/08/2022 21:09:21,1,"2,000","24,7"
Tamekah,Cardenas,"Calle Y, nº 252",6005,"Albuera, La",13/05/2022 12:38:15,8,"0,750","20,9"
Adara,Holden,"Calle P, nº 254",19304,Valdenuño Fernández,5/12/2022 7:05:44,1,"0,500","27,9"
Davis,Castaneda,"Calle Q, nº 273",37275,Saldeana,28/09/2022 9:54:41,5,"1,250","30,6"
Seth,Mccray,"Calle G, nº 221",41088,San Nicolás del Puerto,26/11/2022 17:19:26,7,"2,000",18
Dieter,Hutchinson,"Calle J, nº 31",9352,Santa María del Mercadillo,21/05/2022 10:54:38,1,"1,000","24,8"
Wanda,Wallace,"Calle T, nº 399",34102,Mazariegos,14/11/2022 8:25:48,3,"1,250","31,7"
Dieter,Meyer,"Calle K, nº 77",43024,Bellvei,30/04/2022 8:09:40,1,"0,250","20,5"
Zia,Mosley,"Calle X, nº 366",6122,"Santos de Maimona, Los",20/02/2022 6:58:58,1,"1,250","19,9"
Sacha,Hernandez,"Calle J, nº 264",31227,Tafalla,18/12/2022 22:51:58,6,"1,250","25,6"
Lenore,Ramirez,"Calle Z, nº 385",19267,Terzaga,7/04/2022 8:02:21,7,"0,250","23,7"
Minerva,Cote,"Calle B, nº 199",5062,Collado de Contreras,11/12/2022 9:03:19,1,"5,000","18,7"
Ulla,Norman,"Calle U, nº 287",18181,Turón,2/10/2022 12:54:30,4,"3,000","24,9"
Yuri,Hodges,"Calle W, nº 169",20013,Aretxabaleta,4/06/2022 20:11:22,1,"0,500","26,1"
Gareth,Graves,"Calle H, nº 17",26082,Laguna de Cameros,5/08/2022 6:22:13,1,"2,000","20,6"
Nicholas,Trevino,"Calle N, nº 224",37309,"Sierpe, La",24/04/2022 1:21:53,4,"3,000","25,6"
Emily,Mccoy,"Calle U, nº 320",5229,Santo Domingo de las Posadas,26/09/2022 11:37:58,5,"2,000","21,6"
Regan,Rosario,"Calle S, nº 75",49190,San Martín de Valderaduey,4/06/2022 15:43:30,1,"4,000","23,1"
Octavius,Manning,"Calle C, nº 61",9056,Briviesca,4/12/2022 16:08:16,5,"5,000","30,9"
Brian,Lynn,"Calle I, nº 313",27037,"Nogais, As",10/04/2022 15:53:31,3,"0,750",33
Alma,Colon,"Calle T, nº 364",16104,Hontecillas,5/08/2022 20:55:41,6,"0,500","25,2"
Hashim,Kidd,"Calle P, nº 4",10058,Casatejada,17/01/2022 6:12:11,3,"0,750","28,5"
Maris,Frye,"Calle C, nº 72",46009,Albalat dels Sorells,25/05/2022 2:36:42,1,"0,500","26,6"
Rogan,Carter,"Calle L, nº 239",19078,Castilforte,17/08/2022 9:14:01,1,"1,250","34,5"
Destiny,Nguyen,"Calle V, nº 289",6068,Hinojosa del Valle,27/10/2022 14:02:50,2,"1,000","19,9"
Duncan,Decker,"Calle N, nº 107",3065,Elche/Elx,17/01/2022 2:33:48,2,"1,250","24,3"
Savannah,Mcclure,"Calle X, nº 384",17078,Ger,25/09/2022 19:42:58,8,"0,750","27,2"
Arsenio,Bullock,"Calle T, nº 28",4034,Cóbdar,20/06/2022 0:56:25,5,"1,250","30,6"
Yasir,Stevenson,"Calle E, nº 200",45199,"Viso de San Juan, El",7/02/2022 4:19:34,3,"1,500","32,7"
Miriam,Fox,"Calle X, nº 165",46227,Senyera,6/01/2022 12:58:16,3,"4,000","17,3"
Lee,Oliver,"Calle W, nº 199",42071,Cubo de la Solana,26/03/2022 0:31:50,2,"3,000","34,4"
Hasad,Holmes,"Calle Y, nº 45",17178,Sant Pere Pescador,15/12/2022 20:09:51,8,"3,000","24,5"
Maris,Leach,"Calle F, nº 338",31161,Mañeru,7/09/2022 1:44:04,1,"0,750","27,1"
Perry,Marshall,"Calle F, nº 241",32077,Sandiás,20/07/2022 17:37:21,8,"5,000","20,5"
Daphne,Shields,"Calle F, nº 172",22213,Sariñena,24/09/2022 10:47:22,7,"0,750","30,3"
Quinlan,Mann,"Calle K, nº 64",5072,Espinosa de los Caballeros,5/09/2022 23:53:31,3,"1,250","26,8"
Baxter,Palmer,"Calle S, nº 92",37091,Casillas de Flores,2/09/2022 4:58:20,8,"4,000","33,5"
Aline,Hartman,"Calle I, nº 292",17055,Colomers,24/08/2022 4:25:37,2,"0,250","27,4"
Omar,Mcleod,"Calle I, nº 29",19039,Argecilla,18/06/2022 3:58:20,2,"1,000","30,9"
Jonah,Britt,"Calle T, nº 184",9172,Huérmeces,26/12/2022 2:51:12,7,"1,500","27,5"
Madeson,Curtis,"Calle D, nº 74",16243,Villaescusa de Haro,22/03/2022 6:42:07,3,"1,500","30,5"
Nevada,Hunt,"Calle G, nº 213",45191,Villamuelas,26/11/2022 20:39:55,8,"1,500","22,8"
Elijah,Gallagher,"Calle P, nº 230",45111,Navalmoralejo,16/11/2022 18:34:45,7,"3,000","28,4"
Thaddeus,Gill,"Calle G, nº 114",9162,Hontoria de la Cantera,3/01/2022 17:12:08,8,"1,250","31,7"
Allistair,Carrillo,"Calle E, nº 150",28017,Batres,28/10/2022 19:30:57,2,"1,250","20,4"
Malcolm,Bauer,"Calle X, nº 335",49156,Pinilla de Toro,27/04/2022 9:43:03,8,"2,000","26,4"
Halee,Terry,"Calle Q, nº 2",26025,Baños de Rioja,10/10/2022 12:11:11,6,"5,000","22,4"
Orli,Solis,"Calle E, nº 295",24004,Almanza,16/03/2022 6:03:38,6,"0,250","34,7"
Adrienne,Shelton,"Calle M, nº 381",49165,Prado,4/03/2022 16:13:40,5,"4,000","30,8"
Derek,Aguilar,"Calle X, nº 48",50156,Maleján,29/08/2022 23:56:55,7,"0,750","24,2"
Shellie,Mendez,"Calle B, nº 163",29030,"Borge, El",5/05/2022 20:52:20,6,"0,250","27,3"
Hilary,Velazquez,"Calle G, nº 388",46251,Vallada,4/09/2022 13:01:26,7,"1,250","22,3"
Teegan,Shannon,"Calle U, nº 354",9274,Pradoluengo,8/05/2022 20:04:57,1,"2,000","26,8"
Abdul,Romero,"Calle Y, nº 370",21902,"Zarza-Perrunal, La",9/10/2022 18:51:05,3,"0,750","24,9"
Pandora,Larson,"Calle T, nº 44",8143,Òdena,14/12/2022 18:36:40,4,"5,000","34,4"
Caryn,Hensley,"Calle N, nº 379",37228,Palaciosrubios,27/07/2022 11:42:53,4,"1,000","20,7"
Adele,Patrick,"Calle V, nº 65",10066,Conquista de la Sierra,8/04/2022 10:28:52,7,"2,000","31,8"
Carson,Sims,"Calle X, nº 327",20061,Orio,17/04/2022 23:32:27,3,"1,250","20,1"
Drew,Roberson,"Calle H, nº 357",2040,Hoya-Gonzalo,2/11/2022 9:13:34,7,"0,500","24,2"
Carl,Farrell,"Calle N, nº 49",18068,Dílar,26/04/2022 9:29:11,6,"5,000","24,6"
Michael,Cooper,"Calle R, nº 34",9201,Mamolar,15/08/2022 11:48:43,1,"1,500","18,9"
Hannah,Morrow,"Calle L, nº 365",39066,Ruente,9/08/3022 0:41:09,5,"1,000","21,5"
Emerald,Mckinney,"Calle N, nº 295",25079,Cubells,5/12/2022 1:29:51,4,"4,000",18
Thomas,Mendez,"Calle E, nº 247",42156,Reznos,20/07/2022 9:21:48,3,"3,000","30,5"
Mikayla,Todd,"Calle B, nº 10",3056,Cocentaina,26/10/2022 18:58:56,3,"3,000","29,2"
Arden,Spencer,"Calle W, nº 82",9330,Salas de los Infantes,15/01/2022 10:59:00,3,"5,000","26,2"
Abraham,Williams,"Calle R, nº 114",22126,Ibieca,16/07/2022 4:00:58,5,"1,500","23,9"
Janna,Chan,"Calle E, nº 322",17230,Vila-sacra,24/11/2022 16:18:59,3,"1,500","17,9"
Zia,Meadows,"Calle J, nº 149",16060,Casas de Benítez,4/08/2022 19:14:37,8,"1,500","25,7"
Donovan,Hernandez,"Calle B, nº 64",12117,Torreblanca,5/08/2022 7:15:34,6,"0,750","34,8"
Driscoll,Hammond,"Calle T, nº 100",9192,Jurisdicción de San Zadornil,1/09/2022 14:22:48,2,"1,500",31
Bruce,Kirby,"Calle N, nº 147",99999,Bimenes,20/01/2022 15:57:57,5,"0,500","18,1"
Shelley,Sykes,"Calle K, nº 231",99999,Loiu,11/04/2022 15:54:30,6,"5,000","33,8"
Flynn,Mueller,"Calle W, nº 134",25027,Anglesola,6/10/2022 5:17:42,5,"1,500","18,3"
Yeo,Guerra,"Calle W, nº 145",34024,Baquerín de Campos,23/01/2022 7:19:33,1,"0,750","17,5"
Otto,Rios,"Calle R, nº 91",49016,Aspariegos,11/10/2022 3:48:15,2,"0,500",25
Hayley,Rowe,"Calle Z, nº 176",7045,Puigpunyent,30/12/2022 13:32:36,7,"5,000","34,4"
Raya,Dunn,"Calle S, nº 10",43002,Albinyana,15/03/2022 16:28:12,3,"3,000","19,7"
Price,Ashley,"Calle K, nº 258",2008,Alcaraz,15/05/2022 4:23:19,1,"1,250","25,5"
Duncan,Newman,"Calle N, nº 378",46127,"Font d'En Carròs, la",26/09/2022 5:01:59,5,"4,000","29,4"
Warren,Cantu,"Calle M, nº 49",42174,Sotillo del Rincón,11/03/2022 2:14:37,1,"0,750","27,6"
Urielle,Holland,"Calle M, nº 51",46034,Almoines,17/04/2022 21:19:10,1,"3,000","25,8"
Merritt,May,"Calle C, nº 22",6154,Villanueva del Fresno,30/12/2022 1:41:01,4,"1,250","29,2"
David,Clemons,"Calle Q, nº 179",9136,Fuentecén,18/05/2022 7:06:44,1,"1,250",34
Keiko,Baker,"Calle J, nº 205",37168,Lagunilla,30/03/2022 8:34:24,8,"0,250","23,5"
Michelle,Mosley,"Calle Y, nº 305",25908,Fígols i Alinyà,21/11/2022 5:05:38,3,"2,000","29,9"
Karleigh,Ewing,"Calle K, nº 324",41064,Montellano,24/06/2022 18:24:23,4,"1,000","21,5"
April,Tate,"Calle C, nº 84",46184,Ontinyent,6/03/2022 21:06:21,5,"4,000","29,4"
Myra,Madden,"Calle H, nº 361",16151,Paredes,24/02/2022 22:46:13,5,"3,000","17,3"
Trevor,Roman,"Calle C, nº 147",43112,Poboleda,12/10/2022 10:25:09,4,"0,750","30,4"
Robin,Cunningham,"Calle H, nº 383",9036,Bañuelos de Bureba,12/07/2022 6:38:26,3,"3,000","21,2"
Ryder,Griffith,"Calle Y, nº 104",50031,Aranda de Moncayo,2/01/2022 13:55:46,8,"2,000","20,7"
Lewis,Morales,"Calle Y, nº 48",48005,Arakaldo,28/06/2022 1:48:30,3,"0,500","28,8"
Cally,Holden,"Calle P, nº 94",34131,Población de Arroyo,25/08/2022 0:09:00,3,"0,250","34,3"
Ivory,Poole,"Calle O, nº 375",26042,Casalarreina,8/01/2022 17:04:15,1,"5,000","27,4"
Wynne,Becker,"Calle G, nº 234",47198,Villacarralón,12/06/2022 11:34:56,3,"0,250","15,7"
Nathaniel,Cooley,"Calle C, nº 230",38016,Garafía,17/02/2022 9:54:28,5,"4,000","33,8"
Emi,Austin,"Calle R, nº 312",19210,Paredes de Sigüenza,26/07/2022 1:30:33,7,"1,000",33
Maisie,Hunter,"Calle N, nº 105",41079,"Puebla del Río, La",12/08/2022 13:11:36,7,"3,000","32,8"
Adele,Short,"Calle V, nº 334",28052,Chinchón,15/04/2022 7:28:00,8,"0,750","30,6"
Camden,Holmes,"Calle K, nº 348",16096,Graja de Iniesta,2/06/2022 12:05:37,3,"0,500","25,1"
Carolyn,Casey,"Calle N, nº 388",41034,Coria del Río,23/04/2022 0:36:27,4,"0,750","19,5"
Kiona,Craft,"Calle L, nº 226",45063,Espinoso del Rey,30/09/2022 4:37:02,8,"0,500","17,1"
Miranda,Cunningham,"Calle S, nº 178",4028,Bentarique,18/07/2022 11:53:02,seis,"2,000","27,6"
Stuart,Booth,"Calle W, nº 368",44105,Fórnoles,25/10/2022 18:23:25,3,"1,000","32,5"
Robert,Bishop,"Calle W, nº 278",10003,Acebo,14/01/2022 22:26:18,1,"0,250",31
Isabelle,Conrad,"Calle P, nº 225",1002,Amurrio,21/03/2022 0:03:02,1,"0,250","33,3"
Dorothy,Moreno,"Calle U, nº 200",19047,Baides,24/09/2022 8:47:55,5,"5,000","18,8"
Justine,Cervantes,"Calle Z, nº 298",37160,Hinojosa de Duero,14/03/2022 10:14:51,8,"1,500","29,7"
Hyacinth,Hines,"Calle L, nº 19",42035,Berlanga de Duero,3/02/2022 21:26:18,5,"0,750","15,5"
Violet,Ortiz,"Calle C, nº 314",4012,Alicún,7/08/2022 6:34:02,2,"3,000","15,6"
Xenos,Chapman,"Calle T, nº 397",5008,Aldeaseca,23/03/2022 23:58:16,5,"1,000","24,8"
Barbara,Farrell,"Calle G, nº 143",26066,Galilea,30/04/2022 22:47:36,2,"0,750","32,8"
Clio,Bell,"Calle J, nº 307",21023,"Cerro de Andévalo, El",1/01/2022 5:42:44,8,"1,500","17,8"
Constance,Fuentes,"Calle V, nº 22",20057,Mutiloa,20/02/2022 19:44:35,8,"0,250","34,9"
Kessie,Battle,"Calle N, nº 121",34062,Congosto de Valdavia,8/12/2022 10:32:49,5,"0,750","16,1"
Jennifer,Massey,"Calle C, nº 175",46041,Aras de los Olmos,20/02/2022 18:30:24,6,"0,500","19,5"
Ori,Larson,"Calle T, nº 124",7902,"Migjorn Gran, Es",30/11/2022 8:00:40,8,"1,000","26,6"
Charity,Delaney,"Calle S, nº 31",11041,Villamartín,28/12/2022 3:15:41,5,"5,000","31,4"
Kenneth,Collier,"Calle I, nº 24",12131,Villamalur,8/09/2022 8:11:50,3,"5,000","32,4"
Micah,Buckner,"Calle U, nº 283",10010,Alcuéscar,4/12/2022 9:54:03,8,"1,500",22
Rhiannon,Murphy,"Calle U, nº 125",19055,Bujalaro,20/01/2022 2:33:37,6,"5,000","17,8"
Anthony,Watson,"Calle X, nº 259",14026,Espiel,10/11/2022 6:34:37,6,"4,000","15,2"
Elvis,Flores,"Calle G, nº 282",34112,Nogal de las Huertas,28/11/2022 5:54:31,5,"5,000","30,5"
Russell,Bernard,"Calle Z, nº 71",19277,Torrecuadrada de Molina,15/07/2022 6:49:02,7,"4,000","18,2"
Wynne,Morin,"Calle T, nº 167",21055,Palos de la Frontera,11/12/2022 16:49:50,7,"1,250","15,7"
Gage,Lambert,"Calle E, nº 120",37209,Mozárbez,27/05/2022 23:14:03,4,"4,000","18,1"
Hoyt,Foreman,"Calle E, nº 156",25194,Sant Ramon,29/08/2022 0:30:32,2,"0,250","18,3"
Emi,Douglas,"Calle I, nº 287",43119,Puigpelat,18/02/2022 17:54:59,3,"4,000","31,7"
Kadeem,Pate,"Calle Y, nº 284",43079,Masllorenç,15/06/2022 21:20:46,8,"2,000","17,3"
Julie,Berg,"Calle F, nº 179",43088,Montbrió del Camp,5/01/2022 14:25:57,3,"1,000","25,1"
Marny,Bullock,"Calle D, nº 23",6045,Entrín Bajo,8/01/2022 5:01:43,3,"0,250",21
Nathaniel,Duran,"Calle W, nº 236",8246,Santa Eugènia de Berga,17/03/2022 5:58:00,3,"0,750","15,7"
Rogan,Landry,"Calle U, nº 94",37236,Pedrosillo de Alba,8/12/2022 2:37:16,8,"1,250","33,2"
Alexander,Hendrix,"Calle P, nº 123",20073,Usurbil,18/10/2022 0:26:02,6,"2,000","33,7"
Josiah,Hicks,"Calle N, nº 344",12061,Forcall,12/05/2022 6:59:24,5,"1,250",29
Sandra,Young,"Calle F, nº 356",23047,"Iruela, La",22/10/2022 14:31:07,8,"0,500","21,2"
Maxine,Armstrong,"Calle D, nº 150",31096,Espronceda,4/01/2022 6:19:23,1,"5,000","15,8"
Jaime,Roach,"Calle V, nº 62",24063,Cubillas de Rueda,18/11/2022 8:24:17,4,"5,000","22,3"
Cora,Kent,"Calle V, nº 88",29022,Benadalid,2/02/2022 2:42:53,6,"2,000","24,5"
Thane,Whitfield,"Calle L, nº 33",10018,Aliseda,25/03/2022 17:33:46,7,"1,500","25,5"
Nasim,Carr,"Calle M, nº 10",29046,Cortes de la Frontera,9/10/2022 15:45:08,3,"2,000","28,5"
Azalia,Pittman,"Calle W, nº 295",25903,"Guingueta d'Àneu, La",8/05/2022 7:17:11,8,"1,500","30,2"
Griffin,Valencia,"Calle T, nº 71",31147,Legarda,27/10/2022 23:44:57,6,"1,500","19,1"
August,Marks,"Calle U, nº 15",42212,Villasayas,24/08/2022 9:45:42,8,"0,500","27,1"
Wynter,Smith,"Calle I, nº 335",16113,Iniesta,14/06/2022 16:43:57,1,"3,000","28,1"
Laith,Dennis,"Calle H, nº 340",10083,Garvín,22/06/2022 14:17:19,6,"0,500","16,7"
Alisa,Delaney,"Calle X, nº 368",42053,Carrascosa de Abajo,6/02/2022 5:29:48,7,"1,000","22,5"
Marshall,Mccarthy,"Calle P, nº 97",19105,Chiloeches,8/05/2022 20:51:13,3,"1,000","32,7"
Kaitlin,Cantrell,"Calle B, nº 7",16199,Solera de Gabaldón,24/10/2022 6:00:33,5,"0,250",26
Craig,Bray,"Calle V, nº 171",43032,Bot,29/12/2022 11:36:01,7,"1,250",31
Conan,Smith,"Calle L, nº 206",47056,Corrales de Duero,11/02/2022 2:09:05,7,"0,750","32,1"
Vera,Strong,"Calle S, nº 56",37044,Barruecopardo,25/08/2022 7:49:00,1,"1,250","23,6"
Yen,Vincent,"Calle G, nº 156",10200,Valdelacasa de Tajo,31/10/2022 18:14:42,8,"0,750","31,5"
Otto,Mcdowell,"Calle Z, nº 265",49008,Almeida de Sayago,30/08/2022 13:54:28,2,"1,250",16
Derek,Moran,"Calle G, nº 129",24021,Boñar,14/01/2022 10:01:47,3,"1,000",17
Stewart,Yates,"Calle H, nº 298",47124,Pozaldez,6/08/2022 16:23:33,7,"0,500","28,4"
Colette,Copeland,"Calle C, nº 308",44266,Visiedo,14/06/2022 12:42:28,1,"1,250","32,5"
Priscilla,Peterson,"Calle T, nº 389",32061,Piñor,12/04/2022 9:19:10,7,"5,000","20,2"
Preston,Burns,"Calle P, nº 244",33022,Degaña,8/12/2022 11:23:29,2,"0,250","16,6"
Sonia,Tran,"Calle L, nº 384",31041,Ayegui/Aiegi,5/01/2022 1:33:32,3,"1,250","21,8"
Quinlan,Rush,"Calle B, nº 324",31018,Añorbe,29/05/2022 18:44:50,7,"3,000","16,8"
Burton,Dalton,"Calle E, nº 342",15061,Ortigueira,25/11/2022 6:17:14,4,"0,750","29,7"
Yoshi,Avery,"Calle O, nº 115",37325,"Tornadizo, El",12/05/2022 16:50:30,8,"1,250","33,7"
Devin,Estes,"Calle Z, nº 121",2056,Ontur,4/08/2022 22:32:50,2,"1,250","32,5"
Myra,Hale,"Calle W, nº 354",45901,Santo Domingo-Caudilla,17/06/2022 9:09:02,3,"3,000",30
Igor,Forbes,"Calle N, nº 376",20042,Ibarra,20/01/2022 17:07:02,3,"2,000","29,9"
Colin,Rush,"Calle E, nº 335",40221,Valleruela de Sepúlveda,31/01/2022 10:24:51,1,"0,750","25,5"
Hillary,Hale,"Calle Z, nº 369",22062,Bisaurri,17/12/2022 21:59:54,3,"1,000","22,8"
Tucker,Miller,"Calle J, nº 273",14040,Montalbán de Córdoba,14/07/2022 8:28:17,2,"1,500","30,6"
Guinevere,Wooten,"Calle X, nº 313",43172,Vilaverd,29/12/2022 6:40:12,6,"4,000","28,9"
Clinton,Mendez,"Calle R, nº 339",28065,Getafe,7/08/2022 19:25:20,4,"1,500","31,1"
Audrey,Golden,"Calle H, nº 47",22173,"Peñas de Riglos, Las",13/01/2022 12:51:03,2,"0,750","32,3"
Anastasia,Atkins,"Calle I, nº 220",50055,Borja,25/07/2022 13:25:46,5,"1,250","28,4"
Drake,Waller,"Calle Q, nº 85",34140,"Puebla de Valdavia, La",19/06/2022 8:50:03,5,"1,000","20,2"
Imogene,Blake,"Calle S, nº 283",28124,Robledillo de la Jara,24/04/2022 9:10:35,2,"4,000",33
Richard,Lancaster,"Calle B, nº 307",25206,"Soleràs, El",8/01/2022 14:33:14,3,"5,000","23,8"
Velma,Roy,"Calle Q, nº 315",37252,Pinedas,28/01/2022 4:28:05,7,"1,250","15,6"
Wilma,Kennedy,"Calle D, nº 104",12042,Catí,9/06/2022 19:22:37,3,"3,000","30,2"
Rana,Underwood,"Calle B, nº 154",4085,Somontín,2/08/2022 4:39:34,5,"2,000","24,5"
Vivien,Wiggins,"Calle T, nº 141",25008,Albesa,24/11/2022 22:11:59,6,"0,500","26,4"
Kelly,Wynn,"Calle U, nº 163",28073,Humanes de Madrid,16/10/2022 21:34:15,6,"4,000","22,6"
Jonas,Webb,"Calle M, nº 398",5046,Canales,7/10/2022 23:45:35,2,"3,000","28,5"
Clare,Combs,"Calle L, nº 139",44052,Calomarde,19/01/2022 7:15:12,8,"1,500","26,9"
Priscilla,Blake,"Calle G, nº 193",4062,Macael,3/04/2022 10:10:14,8,"3,000","20,4"
Baxter,Parker,"Calle T, nº 32",8219,Vilassar de Mar,18/10/2022 19:25:27,5,"0,500",26
Jamal,Gibson,"Calle D, nº 325",17197,Torrent,27/10/2022 20:30:40,4,"5,000","31,7"
Thor,Erickson,"Calle D, nº 11",40082,Fuente de Santa Cruz,25/10/2022 0:36:54,6,"0,500","32,7"
Samson,Saunders,"Calle G, nº 55",45022,Buenaventura,18/10/2022 1:53:29,1,"2,000","33,7"
Davis,Short,"Calle A, nº 106",50085,Codo,19/01/2022 15:01:29,7,"4,000","20,7"
Regina,Sims,"Calle F, nº 382",50047,Berdejo,10/06/2022 2:45:31,4,"1,250","31,7"
Reese,Alston,"Calle H, nº 172",17903,Sant Julià del Llor i Bonmatí,13/07/2022 9:47:16,7,"0,500","19,6"
Charles,Kinney,"Calle D, nº 397",17132,Peralada,27/11/2022 3:16:58,7,"0,250","15,9"
Tamara,Bradford,"Calle H, nº 302",18126,"Malahá, La",11/04/2022 14:49:23,2,"5,000",16
Farrah,Poole,"Calle C, nº 136",37268,"Rinconada de la Sierra, La",25/10/2022 10:30:14,6,"1,500","17,8"
Maxwell,Carter,"Calle S, nº 294",32045,Maside,4/06/2022 15:38:56,8,"1,000",26
Lars,Glenn,"Calle J, nº 230",5097,"Horcajada, La",22/01/2022 11:30:34,2,"5,000","25,6"
Sebastian,Tran,"Calle E, nº 53",47189,Velascálvaro,1/07/2022 6:29:49,7,"0,500","15,2"
Florence,Crawford,"Calle S, nº 400",25224,"Torms, Els",25/02/2022 12:14:26,4,"4,000","28,4"
Bo,Macdonald,"Calle L, nº 21",19174,Matillas,2/10/2022 12:47:04,4,"0,500",28
Ocean,Marsh,"Calle O, nº 45",25073,Cervià de les Garrigues,3/01/2022 4:37:03,7,"1,000","29,8"
Demetrius,Adkins,"Calle T, nº 350",46081,Canals,24/10/2022 18:26:59,6,"5,000","27,9"
Stephen,Barlow,"Calle Q, nº 259",6042,Cheles,15/03/2022 4:30:30,5,"3,000","32,8"
Willa,Mueller,"Calle G, nº 244",14018,"Carpio, El",22/04/2022 0:52:59,5,"1,250","15,3"
Wyoming,Campos,"Calle G, nº 114",22162,Novales,27/12/2022 15:39:02,5,"3,000",31
Athena,Michael,"Calle E, nº 35",48026,Dima,10/02/2022 16:07:34,8,"1,500",34